global_step,epoch,lr,train_loss,val_loss
1,0,1.4999999999999998e-06,10.87375450,
2,0,2.9999999999999997e-06,10.16644192,
3,0,4.5e-06,10.14965057,
4,0,5.999999999999999e-06,10.12183285,
5,0,7.499999999999999e-06,10.12097740,
6,0,9e-06,10.09648132,
7,0,1.05e-05,10.06959248,
8,0,1.1999999999999999e-05,10.03207302,
9,0,1.3499999999999998e-05,9.97221375,
10,0,1.4999999999999999e-05,9.92391205,
11,0,1.6499999999999998e-05,9.89739799,
12,0,1.8e-05,9.87825966,
13,0,1.95e-05,9.82745266,
14,0,2.1e-05,9.80463028,
15,0,2.2499999999999998e-05,9.78604031,
16,0,2.3999999999999997e-05,9.76921844,
17,0,2.5499999999999996e-05,9.71469307,
18,0,2.6999999999999996e-05,9.68283367,
19,0,2.8499999999999998e-05,9.67947006,
20,0,2.9999999999999997e-05,9.64388752,
21,0,3.149999999999999e-05,9.63491154,
22,0,3.2999999999999996e-05,9.62234688,
23,0,3.45e-05,9.57361126,
24,0,3.6e-05,9.55051804,
25,0,3.75e-05,9.57349396,
26,0,3.9e-05,9.51798248,
27,0,4.0499999999999995e-05,9.50304317,
28,0,4.2e-05,9.46847820,
29,0,4.35e-05,9.45671844,
30,0,4.4999999999999996e-05,9.38651180,
31,0,4.65e-05,9.41412926,
32,0,4.7999999999999994e-05,9.34383488,
33,0,4.95e-05,9.33895111,
34,0,5.099999999999999e-05,9.28182220,
35,0,5.2499999999999995e-05,9.25274658,
36,0,5.399999999999999e-05,9.28521442,
37,0,5.5499999999999994e-05,9.19869137,
38,0,5.6999999999999996e-05,9.14980984,
39,0,5.849999999999999e-05,9.08518028,
40,0,5.9999999999999995e-05,9.02426147,
41,0,6.149999999999999e-05,9.01653576,
42,0,6.299999999999999e-05,8.99486828,
43,0,6.45e-05,8.86017609,
44,0,6.599999999999999e-05,8.91636181,
45,0,6.749999999999999e-05,8.86026382,
46,0,6.9e-05,8.81574440,
47,0,7.049999999999999e-05,8.78507233,
48,0,7.2e-05,8.72638130,
49,0,7.35e-05,8.62406540,
50,0,7.5e-05,8.62809086,
51,0,7.65e-05,8.48946571,
52,0,7.8e-05,8.50037575,
53,0,7.949999999999998e-05,8.44924164,
54,0,8.099999999999999e-05,8.43657970,
55,0,8.249999999999999e-05,8.36289597,
56,0,8.4e-05,8.35278320,
57,0,8.549999999999999e-05,8.27303886,
58,0,8.7e-05,8.19749260,
59,0,8.849999999999998e-05,8.16812134,
60,0,8.999999999999999e-05,8.14286518,
61,0,9.149999999999999e-05,8.02503777,
62,0,9.3e-05,8.05358315,
63,0,9.449999999999998e-05,7.89544392,
64,0,9.599999999999999e-05,7.87734222,
65,0,9.75e-05,7.84876156,
66,0,9.9e-05,7.75595379,
67,0,0.0001005,7.73040009,
68,0,0.00010199999999999999,7.68053722,
69,0,0.0001035,7.56742430,
70,0,0.00010499999999999999,7.49518967,
71,0,0.0001065,7.52938509,
72,0,0.00010799999999999998,7.47760868,
73,0,0.00010949999999999999,7.33619070,
74,0,0.00011099999999999999,7.29677677,
75,0,0.0001125,7.27805424,
76,0,0.00011399999999999999,7.15368509,
77,0,0.00011549999999999999,7.16987705,
78,0,0.00011699999999999998,7.14552307,
79,0,0.0001185,7.09490681,
80,0,0.00011999999999999999,6.93188095,
81,0,0.0001215,6.93584394,
82,0,0.00012299999999999998,6.89159679,
83,0,0.0001245,6.84210730,
84,0,0.00012599999999999997,6.78608131,
85,0,0.00012749999999999998,6.83955860,
86,0,0.000129,6.62642956,
87,0,0.0001305,6.61124945,
88,0,0.00013199999999999998,6.58775043,
89,0,0.0001335,6.51548672,
90,0,0.00013499999999999997,6.44601250,
91,0,0.00013649999999999998,6.44640827,
92,0,0.000138,6.38349724,
93,0,0.00013949999999999998,6.35483742,
94,0,0.00014099999999999998,6.34844398,
95,0,0.0001425,6.27255058,
96,0,0.000144,6.20743799,
97,0,0.00014549999999999999,6.17749882,
98,0,0.000147,6.12685108,
99,0,0.00014849999999999998,6.23013115,
100,0,0.00015,6.04323673,
101,0,0.0001515,6.03032303,
102,0,0.000153,5.91667700,
103,0,0.0001545,5.84696531,
104,0,0.000156,5.90026093,
105,0,0.0001575,5.90631151,
106,0,0.00015899999999999996,5.81175709,
107,0,0.00016049999999999997,5.79085350,
108,0,0.00016199999999999998,5.72895718,
109,0,0.0001635,5.68069077,
110,0,0.00016499999999999997,5.65176392,
111,0,0.00016649999999999998,5.55686378,
112,0,0.000168,5.50331497,
113,0,0.0001695,5.56069088,
114,0,0.00017099999999999998,5.57071877,
115,0,0.0001725,5.55914116,
116,0,0.000174,5.49174643,
117,0,0.00017549999999999998,5.34968472,
118,0,0.00017699999999999997,5.40627480,
119,0,0.00017849999999999997,5.40259552,
120,0,0.00017999999999999998,5.34297132,
121,0,0.0001815,5.32028151,
122,0,0.00018299999999999998,5.22288036,
123,0,0.00018449999999999999,5.19409657,
124,0,0.000186,5.21478653,
125,0,0.0001875,5.12072372,
126,0,0.00018899999999999996,5.06955338,
127,0,0.00019049999999999997,5.01746464,
128,0,0.00019199999999999998,5.00828838,
129,0,0.0001935,4.93884087,
130,0,0.000195,4.98593140,
131,0,0.00019649999999999998,4.91711664,
132,0,0.000198,4.86145878,
133,0,0.0001995,4.86142921,
134,0,0.000201,4.84494209,
135,0,0.00020249999999999996,4.73612213,
136,0,0.00020399999999999997,4.73273373,
137,0,0.00020549999999999998,4.70894146,
138,0,0.000207,4.61485481,
139,0,0.00020849999999999997,4.63836193,
140,0,0.00020999999999999998,4.52755260,
141,0,0.0002115,4.49865007,
142,0,0.000213,4.51443100,
143,0,0.00021449999999999996,4.46195316,
144,0,0.00021599999999999996,4.44941425,
145,0,0.00021749999999999997,4.35423756,
146,0,0.00021899999999999998,4.39688778,
147,0,0.00022049999999999997,4.33699608,
148,0,0.00022199999999999998,4.33183575,
149,0,0.00022349999999999998,4.23889351,
150,0,0.000225,4.24131298,
151,0,0.00022649999999999998,4.26369572,
152,0,0.00022799999999999999,4.14377403,
153,0,0.0002295,4.19078493,
154,0,0.00023099999999999998,4.11591339,
155,0,0.00023249999999999996,4.11818218,
156,0,0.00023399999999999997,4.13997030,
157,0,0.00023549999999999998,4.07113791,
158,0,0.000237,3.89338398,
159,0,0.00023849999999999997,3.92589068,
160,0,0.00023999999999999998,3.89401817,
161,0,0.0002415,3.92000151,
162,0,0.000243,3.91268253,
163,0,0.0002445,3.73914814,
164,0,0.00024599999999999996,3.79773140,
165,0,0.0002475,3.70092964,
166,0,0.000249,3.71062636,
167,0,0.0002505,3.63087416,
168,0,0.00025199999999999995,3.71136570,
169,0,0.0002535,3.66731882,
170,0,0.00025499999999999996,3.55701184,
171,0,0.0002565,3.54162097,
172,0,0.000258,3.57068872,
173,0,0.00025949999999999997,3.50993538,
174,0,0.000261,3.47520590,
175,0,0.0002625,3.53443146,
176,0,0.00026399999999999997,3.45124245,
177,0,0.00026549999999999995,3.35672569,
178,0,0.000267,3.27602625,
179,0,0.00026849999999999997,3.41041517,
180,0,0.00026999999999999995,3.26605749,
181,0,0.0002715,3.23654652,
182,0,0.00027299999999999997,3.30882645,
183,0,0.0002745,3.14004207,
184,0,0.000276,3.20165825,
185,0,0.00027749999999999997,3.16605997,
186,0,0.00027899999999999995,3.17080140,
187,0,0.0002805,3.06177497,
188,0,0.00028199999999999997,3.05108023,
189,0,0.00028349999999999995,2.99046373,
190,0,0.000285,3.00609207,
191,0,0.00028649999999999997,3.10840249,
192,0,0.000288,2.93662262,
193,0,0.0002895,2.94541550,
194,0,0.00029099999999999997,2.83522296,
195,0,0.0002925,2.91053557,
196,0,0.000294,2.83574748,
197,0,0.00029549999999999997,2.81911707,
198,0,0.00029699999999999996,2.77754784,
199,0,0.0002985,2.73108912,
200,0,0.0003,2.80595207,
200,0,0.0003,,3.09404838
201,0,0.00029999999811910203,2.74904013,
202,0,0.00029999999247640814,2.58919287,
203,0,0.0002999999830719186,2.69235039,
204,0,0.0002999999699056335,2.66938615,
205,0,0.0002999999529775533,2.64919186,
206,0,0.0002999999322876783,2.56504965,
207,0,0.00029999990783600907,2.68679166,
208,0,0.00029999987962254625,2.54667854,
209,0,0.0002999998476472905,2.57897782,
210,0,0.0002999998119102426,2.46849370,
211,0,0.00029999977241140357,2.51077056,
212,0,0.00029999972915077433,2.45619988,
213,0,0.0002999996821283559,2.35254693,
214,0,0.00029999963134414955,2.34017301,
215,0,0.0002999995767981565,2.39515448,
216,0,0.00029999951849037814,2.44179392,
217,0,0.000299999456420816,2.30817318,
218,0,0.0002999993905894715,2.33232355,
219,0,0.0002999993209963463,2.30654383,
220,0,0.0002999992476414423,2.20353723,
221,0,0.0002999991705247612,2.31331635,
222,0,0.00029999908964630504,2.22396350,
223,0,0.0002999990050060757,2.17859077,
224,0,0.0002999989166040754,2.20785809,
225,0,0.0002999988244403064,2.14387894,
226,0,0.0002999987285147709,2.21488309,
227,0,0.0002999986288274714,2.14674330,
228,0,0.0002999985253784103,2.11167717,
229,0,0.00029999841816759034,2.13798571,
230,0,0.00029999830719501405,2.07423973,
231,0,0.0002999981924606844,2.08245325,
232,0,0.000299998073964604,2.00343370,
233,0,0.0002999979517067761,2.12003899,
234,0,0.0002999978256872036,2.07080150,
235,0,0.0002999976959058897,2.08322287,
236,0,0.00029999756236283765,2.07604599,
237,0,0.00029999742505805086,2.05644155,
238,0,0.00029999728399153264,1.99090278,
239,0,0.00029999713916328667,2.01688242,
240,0,0.00029999699057331653,1.95327187,
241,0,0.00029999683822162586,1.99926376,
242,0,0.0002999966821082186,1.90831399,
243,0,0.00029999652223309864,1.88273561,
244,0,0.00029999635859626994,1.96432114,
245,0,0.0002999961911977367,1.85686421,
246,0,0.000299996020037503,1.83076441,
247,0,0.0002999958451155732,1.89159441,
248,0,0.0002999956664319517,1.80532885,
249,0,0.0002999954839866429,1.75819421,
250,0,0.0002999952977796514,1.76816320,
251,0,0.00029999510781098204,1.73548245,
252,0,0.0002999949140806393,1.83823609,
253,0,0.00029999471658862827,1.79585278,
254,0,0.0002999945153349538,1.69164634,
255,0,0.00029999431031962095,1.74221778,
256,0,0.00029999410154263486,1.85791254,
257,0,0.00029999388900400076,1.72335446,
258,0,0.00029999367270372397,1.70105135,
259,0,0.00029999345264180996,1.62118661,
260,0,0.0002999932288182643,1.61466527,
261,0,0.0002999930012330924,1.74489212,
262,0,0.0002999927698863002,1.67388141,
263,0,0.0002999925347778933,1.60489941,
264,0,0.00029999229590787775,1.59712243,
265,0,0.00029999205327625945,1.68449056,
266,0,0.00029999180688304453,1.64710617,
267,0,0.00029999155672823913,1.56426358,
268,0,0.0002999913028118496,1.52968156,
269,0,0.00029999104513388225,1.55971408,
270,0,0.0002999907836943435,1.50464439,
271,0,0.0002999905184932401,1.41808939,
272,0,0.00029999024953057836,1.56434894,
273,0,0.00029998997680636536,1.48375392,
274,0,0.00029998970032060773,1.54110980,
275,0,0.0002999894200733125,1.42641568,
276,0,0.00029998913606448673,1.52364647,
277,0,0.0002999888482941374,1.56497538,
278,0,0.0002999885567622719,1.41165614,
279,0,0.0002999882614688974,1.43505764,
280,0,0.00029998796241402135,1.43718100,
281,0,0.00029998765959765133,1.39478326,
282,0,0.0002999873530197948,1.41007078,
283,0,0.0002999870426804595,1.37653947,
284,0,0.0002999867285796533,1.37678289,
285,0,0.000299986410717384,1.43152833,
286,0,0.0002999860890936595,1.43874192,
287,0,0.000299985763708488,1.27865720,
288,0,0.00029998543456187754,1.40497136,
289,0,0.0002999851016538365,1.37783968,
290,0,0.00029998476498437315,1.28877366,
291,0,0.000299984424553496,1.28921437,
292,0,0.00029998408036121344,1.21490836,
293,0,0.00029998373240753423,1.39576411,
294,0,0.00029998338069246706,1.30577660,
295,0,0.00029998302521602076,1.28088188,
296,0,0.00029998266597820424,1.29089618,
297,0,0.00029998230297902654,1.28137970,
298,0,0.00029998193621849666,1.29613292,
299,0,0.00029998156569662393,1.20014858,
300,0,0.00029998119141341756,1.28387070,
301,0,0.00029998081336888693,1.25279474,
302,0,0.00029998043156304163,1.15159535,
303,0,0.0002999800459958911,1.23802757,
304,0,0.00029997965666744505,1.21161747,
305,0,0.0002999792635777133,1.26089025,
306,0,0.00029997886672670566,1.14983308,
307,0,0.0002999784661144321,1.18712103,
308,0,0.0002999780617409026,1.20426679,
309,0,0.0002999776536061274,1.16248655,
310,0,0.0002999772417101167,1.16469240,
311,0,0.0002999768260528808,1.17294681,
312,0,0.0002999764066344301,1.16048443,
313,0,0.0002999759834547752,1.16015768,
314,0,0.0002999755565139267,1.17794204,
315,0,0.00029997512581189526,1.13999557,
316,0,0.0002999746913486917,1.14396989,
317,0,0.00029997425312432694,1.14797187,
318,0,0.00029997381113881197,1.14687109,
319,0,0.00029997336539215786,1.06597972,
320,0,0.00029997291588437574,1.15494549,
321,0,0.0002999724626154769,1.06103003,
322,0,0.00029997200558547286,1.02788091,
323,0,0.0002999715447943749,1.12185025,
324,0,0.00029997108024219457,1.10886192,
325,0,0.00029997061192894365,1.11134863,
326,0,0.0002999701398546338,1.12324119,
327,0,0.0002999696640192768,1.02513957,
328,0,0.00029996918442288476,1.02248859,
329,0,0.0002999687010654696,1.01257885,
330,0,0.00029996821394704336,1.04852843,
331,0,0.00029996772306761847,1.01323986,
332,0,0.00029996722842720705,1.09742165,
333,0,0.00029996673002582157,1.07919919,
334,0,0.00029996622786347454,1.01651216,
335,0,0.0002999657219401785,0.93602598,
336,0,0.00029996521225594624,1.01042318,
337,0,0.0002999646988107905,0.99721187,
338,0,0.0002999641816047241,1.01830447,
339,0,0.0002999636606377601,0.91964793,
340,0,0.00029996313590991146,0.86349088,
341,0,0.0002999626074211914,0.94609696,
342,0,0.0002999620751716132,1.05343056,
343,0,0.00029996153916119015,0.95106685,
344,0,0.0002999609993899357,1.04770648,
345,0,0.00029996045585786344,1.00133228,
346,0,0.000299959908564987,0.95132256,
347,0,0.00029995935751132,0.97973782,
348,0,0.0002999588026968764,0.94917321,
349,0,0.00029995824412167005,0.93987209,
350,0,0.0002999576817857149,0.93702912,
351,0,0.0002999571156890251,0.98955053,
352,0,0.0002999565458316149,0.95985955,
353,0,0.00029995597221349853,0.91318440,
354,0,0.0002999553948346904,0.88847268,
355,0,0.00029995481369520503,0.92678964,
356,0,0.00029995422879505686,0.93521714,
357,0,0.00029995364013426064,0.86617875,
358,0,0.00029995304771283124,0.91669869,
359,0,0.00029995245153078333,0.85697842,
360,0,0.00029995185158813195,0.94193351,
361,0,0.00029995124788489215,0.84065723,
362,0,0.00029995064042107907,0.83334625,
363,0,0.000299950029196708,0.86252123,
364,0,0.0002999494142117941,0.87070119,
365,0,0.0002999487954663529,0.82872850,
366,0,0.0002999481729604,0.81951094,
367,0,0.00029994754669395086,0.80566585,
368,0,0.00029994691666702125,0.87862575,
369,0,0.000299946282879627,0.80691296,
370,0,0.00029994564533178397,0.81663144,
371,0,0.0002999450040235081,0.86271846,
372,0,0.00029994435895481565,0.85218203,
373,0,0.0002999437101257226,0.84627771,
374,0,0.0002999430575362453,0.86050749,
375,0,0.0002999424011864001,0.80355346,
376,0,0.0002999417410762035,0.79176742,
377,0,0.00029994107720567205,0.83509415,
378,0,0.00029994040957482236,0.84198689,
379,0,0.0002999397381836712,0.82928246,
380,0,0.00029993906303223534,0.80415618,
381,0,0.00029993838412053185,0.78619504,
382,0,0.0002999377014485777,0.79846770,
383,0,0.0002999370150163899,0.79151523,
384,0,0.00029993632482398574,0.77818781,
385,0,0.0002999356308713826,0.79455292,
386,0,0.0002999349331585978,0.78776097,
387,0,0.0002999342316856489,0.75655127,
388,0,0.00029993352645255343,0.79171932,
389,0,0.0002999328174593291,0.76173258,
390,0,0.00029993210470599365,0.79537284,
391,0,0.0002999313881925651,0.79083943,
392,0,0.0002999306679190612,0.73761737,
393,0,0.0002999299438855002,0.75672108,
394,0,0.0002999292160919002,0.73524129,
395,0,0.0002999284845382794,0.76910484,
396,0,0.0002999277492246562,0.71121162,
397,0,0.000299927010151049,0.79118091,
398,0,0.00029992626731747637,0.80374384,
399,0,0.00029992552072395694,0.76795745,
400,0,0.00029992477037050943,0.75306582,
400,0,0.00029992477037050943,,1.23302657
401,0,0.00029992401625715266,0.73951232,
402,0,0.0002999232583839055,0.71238643,
403,0,0.000299922496750787,0.70074362,
404,0,0.00029992173135781624,0.72377920,
405,0,0.00029992096220501246,0.72807252,
406,0,0.0002999201892923949,0.68865263,
407,0,0.00029991941261998294,0.69777668,
408,0,0.00029991863218779613,0.73852062,
409,0,0.00029991784799585395,0.67508703,
410,0,0.00029991706004417614,0.72765416,
411,0,0.0002999162683327823,0.65825075,
412,0,0.00029991547286169256,0.68029773,
413,0,0.0002999146736309267,0.70622367,
414,0,0.00029991387064050475,0.62624270,
415,0,0.0002999130638904469,0.71121335,
416,0,0.0002999122533807733,0.66513002,
417,0,0.0002999114391115044,0.72971952,
418,0,0.00029991062108266053,0.69649237,
419,0,0.0002999097992942623,0.65555370,
420,0,0.0002999089737463302,0.67600912,
421,0,0.00029990814443888494,0.68704319,
422,0,0.00029990731137194746,0.66955823,
423,0,0.00029990647454553856,0.72739732,
424,0,0.0002999056339596792,0.69108057,
425,0,0.00029990478961439045,0.66533363,
426,0,0.0002999039415096935,0.69273126,
427,0,0.00029990308964560975,0.67854136,
428,0,0.0002999022340221604,0.65246975,
429,0,0.00029990137463936693,0.65371346,
430,0,0.000299900511497251,0.66704106,
431,0,0.0002998996445958341,0.63498008,
432,0,0.0002998987739351381,0.63406676,
433,0,0.00029989789951518476,0.65380508,
434,0,0.00029989702133599604,0.63125503,
435,0,0.000299896139397594,0.62145430,
436,0,0.0002998952537000007,0.65643698,
437,0,0.0002998943642432383,0.59164035,
438,0,0.0002998934710273293,0.61369503,
439,0,0.0002998925740522959,0.63520843,
440,0,0.00029989167331816066,0.61000860,
441,0,0.0002998907688249462,0.65909874,
442,0,0.00029988986057267515,0.62097931,
443,0,0.0002998889485613704,0.61879575,
444,0,0.0002998880327910547,0.63657445,
445,0,0.00029988711326175104,0.63777661,
446,0,0.0002998861899734825,0.59816301,
447,0,0.0002998852629262723,0.62812352,
448,0,0.00029988433212014355,0.63531297,
449,0,0.0002998833975551197,0.61858481,
450,0,0.0002998824592312242,0.59272242,
451,0,0.00029988151714848045,0.58190024,
452,0,0.00029988057130691224,0.60306054,
453,0,0.00029987962170654315,0.59654105,
454,0,0.00029987866834739707,0.60767162,
455,0,0.0002998777112294979,0.61666989,
456,0,0.00029987675035286966,0.59453166,
457,0,0.00029987578571753645,0.58067811,
458,0,0.0002998748173235224,0.54607832,
459,0,0.00029987384517085185,0.62455130,
460,0,0.0002998728692595492,0.57644475,
461,0,0.0002998718895896388,0.59953511,
462,0,0.0002998709061611454,0.58118874,
463,0,0.0002998699189740935,0.59425676,
464,0,0.000299868928028508,0.55876881,
465,0,0.0002998679333244137,0.56877899,
466,0,0.00029986693486183544,0.57835370,
467,0,0.00029986593264079843,0.57329935,
468,0,0.00029986492666132764,0.54872918,
469,0,0.0002998639169234484,0.56625450,
470,0,0.00029986290342718606,0.55689549,
471,0,0.00029986188617256595,0.56287527,
472,0,0.0002998608651596136,0.57827026,
473,0,0.0002998598403883547,0.52745152,
474,0,0.00029985881185881484,0.47593492,
475,0,0.00029985777957101993,0.56970316,
476,0,0.0002998567435249957,0.53519845,
477,0,0.00029985570372076826,0.56810701,
478,0,0.00029985466015836364,0.53745139,
479,0,0.00029985361283780805,0.52850759,
480,0,0.0002998525617591277,0.56457794,
481,0,0.00029985150692234895,0.52325237,
482,0,0.00029985044832749833,0.55066788,
483,0,0.0002998493859746023,0.55066121,
484,0,0.0002998483198636876,0.56402624,
485,0,0.00029984724999478085,0.51778591,
486,0,0.0002998461763679089,0.49596506,
487,0,0.0002998450989830988,0.51441109,
488,0,0.00029984401784037746,0.51583594,
489,0,0.00029984293293977197,0.51125139,
490,0,0.0002998418442813096,0.53869247,
491,0,0.0002998407518650177,0.53138345,
492,0,0.0002998396556909235,0.52491617,
493,0,0.00029983855575905463,0.50615215,
494,0,0.00029983745206943864,0.50072968,
495,0,0.0002998363446221032,0.53002936,
496,0,0.00029983523341707617,0.52766961,
497,0,0.00029983411845438526,0.52232438,
498,0,0.0002998329997340585,0.48912784,
499,0,0.00029983187725612394,0.53266495,
500,0,0.0002998307510206098,0.51069587,
501,0,0.00029982962102754427,0.53824800,
502,0,0.00029982848727695563,0.50810516,
503,0,0.0002998273497688724,0.50895727,
504,0,0.0002998262085033231,0.49863538,
505,0,0.00029982506348033626,0.50533330,
506,0,0.00029982391469994074,0.47263822,
507,0,0.00029982276216216524,0.51552218,
508,0,0.00029982160586703875,0.48014557,
509,0,0.0002998204458145901,0.53907824,
510,0,0.0002998192820048486,0.47263908,
511,0,0.0002998181144378433,0.49837089,
512,0,0.00029981694311360355,0.47817013,
513,0,0.00029981576803215864,0.47313416,
514,0,0.00029981458919353817,0.49126023,
515,0,0.0002998134065977715,0.48809510,
516,0,0.0002998122202448885,0.46108145,
517,0,0.00029981103013491885,0.48969176,
518,0,0.0002998098362678924,0.46335667,
519,0,0.00029980863864383897,0.49118572,
520,0,0.0002998074372627888,0.47798339,
521,0,0.00029980623212477183,0.47557452,
522,0,0.00029980502322981845,0.48738036,
523,0,0.00029980381057795883,0.48573396,
524,0,0.0002998025941692235,0.46239418,
525,0,0.0002998013740036429,0.44410104,
526,0,0.00029980015008124764,0.44434279,
527,0,0.0002997989224020684,0.43896991,
528,0,0.000299797690966136,0.48678502,
529,0,0.0002997964557734813,0.44444743,
530,0,0.0002997952168241353,0.47631830,
531,0,0.00029979397411812906,0.46951282,
532,0,0.00029979272765549375,0.47569028,
533,0,0.0002997914774362606,0.49590719,
534,0,0.000299790223460461,0.45876229,
535,0,0.00029978896572812637,0.44975388,
536,0,0.00029978770423928834,0.48123869,
537,0,0.0002997864389939784,0.44822139,
538,0,0.0002997851699922284,0.44795257,
539,0,0.00029978389723407005,0.47736025,
540,0,0.0002997826207195354,0.45047802,
541,0,0.00029978134044865635,0.47218603,
542,0,0.0002997800564214651,0.45091736,
543,0,0.0002997787686379938,0.47342390,
544,0,0.0002997774770982748,0.43175229,
545,0,0.00029977618180234035,0.43562782,
546,0,0.00029977488275022306,0.48505658,
547,0,0.00029977357994195555,0.41290146,
548,0,0.0002997722733775704,0.45671842,
549,0,0.0002997709630571003,0.44211718,
550,0,0.00029976964898057834,0.44349802,
551,0,0.0002997683311480372,0.44441426,
552,0,0.00029976700955951024,0.41557333,
553,0,0.00029976568421503035,0.44809157,
554,0,0.00029976435511463084,0.46051201,
555,0,0.0002997630222583451,0.44763020,
556,0,0.0002997616856462065,0.46244699,
557,0,0.0002997603452782486,0.43470281,
558,0,0.00029975900115450496,0.42062414,
559,0,0.0002997576532750093,0.44908288,
560,0,0.0002997563016397954,0.41563213,
561,0,0.00029975494624889733,0.45188117,
562,0,0.0002997535871023489,0.41034168,
563,0,0.00029975222420018416,0.42412311,
564,0,0.00029975085754243745,0.41846138,
565,0,0.00029974948712914294,0.41100371,
566,0,0.00029974811296033506,0.40159649,
567,0,0.00029974673503604823,0.40643033,
568,0,0.000299745353356317,0.39050955,
569,0,0.00029974396792117604,0.42851320,
570,0,0.0002997425787306601,0.42817336,
571,0,0.000299741185784804,0.40950036,
572,0,0.0002997397890836427,0.42532656,
573,0,0.0002997383886272112,0.42441368,
574,0,0.0002997369844155446,0.39859313,
575,0,0.0002997355764486782,0.42160761,
576,0,0.0002997341647266472,0.41960889,
577,0,0.00029973274924948714,0.40984488,
578,0,0.0002997313300172334,0.40282860,
579,0,0.0002997299070299216,0.39806098,
580,0,0.00029972848028758745,0.39410937,
581,0,0.0002997270497902667,0.41211039,
582,0,0.0002997256155379953,0.41337073,
583,0,0.00029972417753080914,0.42487818,
584,0,0.00029972273576874426,0.41441473,
585,0,0.0002997212902518369,0.41213056,
586,0,0.00029971984098012326,0.40616053,
587,0,0.00029971838795363973,0.39788747,
588,0,0.0002997169311724227,0.38084853,
589,0,0.00029971547063650875,0.37460226,
590,0,0.0002997140063459345,0.39150697,
591,0,0.0002997125383007366,0.38692853,
592,0,0.00029971106650095197,0.42949200,
593,0,0.00029970959094661743,0.41547653,
594,0,0.00029970811163777003,0.38050467,
595,0,0.0002997066285744469,0.40519559,
596,0,0.00029970514175668516,0.40367970,
597,0,0.00029970365118452217,0.39705461,
598,0,0.0002997021568579953,0.39416632,
599,0,0.00029970065877714196,0.39564797,
600,0,0.0002996991569419998,0.39646208,
600,0,0.0002996991569419998,,0.93238466
601,0,0.00029969765135260643,0.39155000,
602,0,0.0002996961420089997,0.38375226,
603,0,0.00029969462891121725,0.38144732,
604,0,0.00029969311205929724,0.37517413,
605,0,0.00029969159145327767,0.39122936,
606,0,0.0002996900670931966,0.40530851,
607,0,0.0002996885389790923,0.38145208,
608,0,0.0002996870071110031,0.38077950,
609,0,0.00029968547148896744,0.38918698,
610,0,0.0002996839321130238,0.39654872,
611,0,0.0002996823889832107,0.37379199,
612,0,0.00029968084209956703,0.39972138,
613,0,0.0002996792914621314,0.41193351,
614,0,0.0002996777370709429,0.39383501,
615,0,0.0002996761789260403,0.37777671,
616,0,0.00029967461702746275,0.38285041,
617,0,0.00029967305137524946,0.38220596,
618,0,0.0002996714819694396,0.38179573,
619,0,0.00029966990881007274,0.36523592,
620,0,0.0002996683318971881,0.37538916,
621,0,0.0002996667512308254,0.35664719,
622,0,0.0002996651668110241,0.37233841,
623,0,0.0002996635786378241,0.36031851,
624,0,0.00029966198671126516,0.37833196,
625,0,0.0002996603910313872,0.36062214,
626,0,0.0002996587915982302,0.36834767,
627,0,0.0002996571884118344,0.37823611,
628,0,0.0002996555814722399,0.35840961,
629,0,0.00029965397077948695,0.35897851,
630,0,0.0002996523563336161,0.36794817,
631,0,0.00029965073813466775,0.38798985,
632,0,0.00029964911618268243,0.35729134,
633,0,0.00029964749047770093,0.36674452,
634,0,0.0002996458610197639,0.35093397,
635,0,0.00029964422780891237,0.37260747,
636,0,0.00029964259084518715,0.36697143,
637,0,0.0002996409501286293,0.37278816,
638,0,0.00029963930565928004,0.36194482,
639,0,0.00029963765743718055,0.35969707,
640,0,0.0002996360054623722,0.34372297,
641,0,0.00029963434973489644,0.35547528,
642,0,0.00029963269025479476,0.35473493,
643,0,0.0002996310270221088,0.38381988,
644,0,0.00029962936003688023,0.36815256,
645,0,0.00029962768929915086,0.36705318,
646,0,0.00029962601480896264,0.36898774,
647,0,0.00029962433656635754,0.35708141,
648,0,0.0002996226545713776,0.35475153,
649,0,0.00029962096882406514,0.35981354,
650,0,0.00029961927932446226,0.34909913,
651,0,0.00029961758607261146,0.37062278,
652,0,0.0002996158890685551,0.35488108,
653,0,0.0002996141883123358,0.34549066,
654,0,0.0002996124838039962,0.36888695,
655,0,0.00029961077554357913,0.35667494,
656,0,0.00029960906353112724,0.33542502,
657,0,0.0002996073477666837,0.35015827,
658,0,0.00029960562825029135,0.36908266,
659,0,0.0002996039049819934,0.36614737,
660,0,0.00029960217796183304,0.34420779,
661,0,0.0002996004471898536,0.34387964,
662,0,0.0002995987126660985,0.34172100,
663,0,0.0002995969743906111,0.34982410,
664,0,0.00029959523236343524,0.33083767,
665,0,0.0002995934865846144,0.33081847,
666,0,0.0002995917370541925,0.34444168,
667,0,0.00029958998377221333,0.34215754,
668,0,0.0002995882267387209,0.35181361,
669,0,0.00029958646595375915,0.34063649,
670,0,0.00029958470141737246,0.35143065,
671,0,0.00029958293312960495,0.32909632,
672,0,0.00029958116109050095,0.35563055,
673,0,0.000299579385300105,0.35166809,
674,0,0.0002995776057584615,0.35095152,
675,0,0.00029957582246561515,0.36625582,
676,0,0.00029957403542161073,0.34483936,
677,0,0.00029957224462649296,0.35979065,
678,0,0.00029957045008030677,0.33863202,
679,0,0.0002995686517830972,0.33456320,
680,0,0.00029956684973490936,0.34619990,
681,0,0.00029956504393578834,0.33288258,
682,0,0.00029956323438577953,0.34505230,
683,0,0.0002995614210849284,0.33322862,
684,0,0.0002995596040332801,0.32313773,
685,0,0.00029955778323088053,0.33447698,
686,0,0.0002995559586777752,0.34170818,
687,0,0.00029955413037401,0.33794919,
688,0,0.0002995522983196306,0.35175866,
689,0,0.00029955046251468296,0.32059702,
690,0,0.0002995486229592132,0.34525079,
691,0,0.0002995467796532675,0.33620447,
692,0,0.000299544932596892,0.34487376,
693,0,0.00029954308179013303,0.31830135,
694,0,0.00029954122723303703,0.32374108,
695,0,0.00029953936892565053,0.33394495,
696,0,0.0002995375068680201,0.34418002,
697,0,0.00029953564106019237,0.31698218,
698,0,0.00029953377150221427,0.31615990,
699,0,0.00029953189819413264,0.33086520,
700,0,0.0002995300211359944,0.31788814,
701,0,0.0002995281403278467,0.32617408,
702,0,0.00029952625576973665,0.33034927,
703,0,0.0002995243674617115,0.32129335,
704,0,0.00029952247540381867,0.31743050,
705,0,0.0002995205795961056,0.32412097,
706,0,0.00029951868003861984,0.33241493,
707,0,0.00029951677673140895,0.31600457,
708,0,0.00029951486967452073,0.32362926,
709,0,0.00029951295886800305,0.32169715,
710,0,0.00029951104431190373,0.32774985,
711,0,0.0002995091260062708,0.30937514,
712,0,0.0002995072039511524,0.32023621,
713,0,0.0002995052781465967,0.31909263,
714,0,0.00029950334859265215,0.32424834,
715,0,0.00029950141528936695,0.31505311,
716,0,0.0002994994782367896,0.33282250,
717,0,0.0002994975374349688,0.33341390,
718,0,0.00029949559288395313,0.30080611,
719,0,0.00029949364458379136,0.32635337,
720,0,0.00029949169253453236,0.31535879,
721,0,0.0002994897367362251,0.31162575,
722,0,0.0002994877771889187,0.32272923,
723,0,0.00029948581389266214,0.33510333,
724,0,0.0002994838468475048,0.30993602,
725,0,0.0002994818760534959,0.31442547,
726,0,0.0002994799015106849,0.31100956,
727,0,0.0002994779232191214,0.32292303,
728,0,0.00029947594117885496,0.32338351,
729,0,0.0002994739553899352,0.31355539,
730,0,0.0002994719658524121,0.32744360,
731,0,0.00029946997256633537,0.30603775,
732,0,0.00029946797553175513,0.32622805,
733,0,0.00029946597474872136,0.29629579,
734,0,0.0002994639702172843,0.31143114,
735,0,0.0002994619619374943,0.30503011,
736,0,0.00029945994990940154,0.30098876,
737,0,0.0002994579341330566,0.30095425,
738,0,0.0002994559146085101,0.30957341,
739,0,0.0002994538913358125,0.30295455,
740,0,0.0002994518643150146,0.30896258,
741,0,0.00029944983354616734,0.30752754,
742,0,0.00029944779902932154,0.30339539,
743,0,0.0002994457607645283,0.30117914,
744,0,0.0002994437187518387,0.30481982,
745,0,0.0002994416729913039,0.31208718,
746,0,0.00029943962348297535,0.30791733,
747,0,0.0002994375702269043,0.31349331,
748,0,0.00029943551322314234,0.31953508,
749,0,0.00029943345247174095,0.30846715,
750,0,0.0002994313879727519,0.30869144,
751,0,0.0002994293197262269,0.31024021,
752,0,0.00029942724773221794,0.29809558,
753,0,0.0002994251719907769,0.29219052,
754,0,0.00029942309250195574,0.31085986,
755,0,0.00029942100926580684,0.31021535,
756,0,0.0002994189222823822,0.30342412,
757,0,0.00029941683155173437,0.30132318,
758,0,0.00029941473707391565,0.31215715,
759,0,0.0002994126388489786,0.30283213,
760,0,0.0002994105368769758,0.30447116,
761,0,0.00029940843115796,0.30739179,
762,0,0.0002994063216919841,0.30691573,
763,0,0.00029940420847910087,0.28226480,
764,0,0.00029940209151936337,0.30687666,
765,0,0.00029939997081282466,0.27709144,
766,0,0.0002993978463595379,0.29810646,
767,0,0.00029939571815955655,0.28722474,
768,0,0.00029939358621293373,0.30139554,
769,0,0.000299391450519723,0.29642987,
770,0,0.000299389311079978,0.30824661,
771,0,0.0002993871678937523,0.29163969,
772,0,0.00029938502096109966,0.31339264,
773,0,0.00029938287028207395,0.30661273,
774,0,0.00029938071585672906,0.29160482,
775,0,0.0002993785576851191,0.27762112,
776,0,0.0002993763957672981,0.29934675,
777,0,0.00029937423010332033,0.28432056,
778,0,0.0002993720606932401,0.29933488,
779,0,0.0002993698875371118,0.30363694,
780,0,0.00029936771063498996,0.28357267,
781,0,0.00029936552998692913,0.29921669,
782,0,0.00029936334559298405,0.27651700,
783,0,0.0002993611574532094,0.29054523,
784,0,0.00029935896556766017,0.28846484,
785,0,0.0002993567699363913,0.29102951,
786,0,0.0002993545705594578,0.29414129,
787,0,0.0002993523674369149,0.29857391,
788,0,0.00029935016056881783,0.27877352,
789,0,0.0002993479499552219,0.30337024,
790,0,0.00029934573559618256,0.28490588,
791,0,0.0002993435174917554,0.27610856,
792,0,0.0002993412956419959,0.29642099,
793,0,0.00029933907004696,0.28906465,
794,0,0.0002993368407067034,0.27011150,
795,0,0.00029933460762128196,0.29419890,
796,0,0.0002993323707907517,0.27184388,
797,0,0.0002993301302151688,0.28011566,
798,0,0.0002993278858945894,0.29846671,
799,0,0.00029932563782906975,0.28066313,
800,0,0.00029932338601866624,0.29236120,
800,0,0.00029932338601866624,,0.85393897
801,0,0.00029932113046343543,0.28537089,
802,0,0.0002993188711634338,0.27960765,
803,0,0.000299316608118718,0.28380182,
804,0,0.00029931434132934485,0.29481280,
805,0,0.0002993120707953711,0.28755844,
806,0,0.00029930979651685377,0.28445575,
807,0,0.00029930751849384997,0.30291384,
808,0,0.0002993052367264166,0.29344356,
809,0,0.00029930295121461114,0.28807613,
810,0,0.00029930066195849075,0.29061383,
811,0,0.00029929836895811285,0.29121515,
812,0,0.000299296072213535,0.28325051,
813,0,0.0002992937717248148,0.29310408,
814,0,0.00029929146749200987,0.28400323,
815,0,0.0002992891595151781,0.29551530,
816,0,0.00029928684779437724,0.26748833,
817,0,0.0002992845323296654,0.30176565,
818,0,0.0002992822131211006,0.29196754,
819,0,0.000299279890168741,0.27465734,
820,0,0.0002992775634726448,0.29100031,
821,0,0.0002992752330328704,0.27081245,
822,0,0.0002992728988494763,0.27908662,
823,0,0.00029927056092252097,0.27769440,
824,0,0.000299268219252063,0.28235269,
825,0,0.00029926587383816123,0.27704820,
826,0,0.0002992635246808744,0.27896819,
827,0,0.00029926117178026145,0.28569251,
828,0,0.00029925881513638135,0.27426943,
829,0,0.00029925645474929326,0.27227256,
830,0,0.00029925409061905636,0.28853616,
831,0,0.0002992517227457299,0.27087110,
832,0,0.0002992493511293733,0.27632767,
833,0,0.000299246975770046,0.26841241,
834,0,0.00029924459666780766,0.26481128,
835,0,0.00029924221382271785,0.29185385,
836,0,0.0002992398272348364,0.28106862,
837,0,0.000299237436904223,0.28326699,
838,0,0.0002992350428309378,0.27555805,
839,0,0.0002992326450150408,0.27926975,
840,0,0.00029923024345659206,0.28292134,
841,0,0.00029922783815565187,0.28136039,
842,0,0.00029922542911228045,0.26773530,
843,0,0.0002992230163265383,0.27728519,
844,0,0.000299220599798486,0.28049228,
845,0,0.000299218179528184,0.27638751,
846,0,0.0002992157555156931,0.27624267,
847,0,0.00029921332776107403,0.27755603,
848,0,0.00029921089626438774,0.28262302,
849,0,0.00029920846102569513,0.26084462,
850,0,0.00029920602204505734,0.27118033,
851,0,0.00029920357932253553,0.27431363,
852,0,0.00029920113285819094,0.26857007,
853,0,0.0002991986826520849,0.26116374,
854,0,0.0002991962287042789,0.27367461,
855,0,0.00029919377101483445,0.27363536,
856,0,0.0002991913095838132,0.28013548,
857,0,0.0002991888444112769,0.26642689,
858,0,0.00029918637549728735,0.25502130,
859,0,0.00029918390284190645,0.26929790,
860,0,0.00029918142644519625,0.26096132,
861,0,0.0002991789463072188,0.27132133,
862,0,0.00029917646242803636,0.27306578,
863,0,0.00029917397480771124,0.27225870,
864,0,0.0002991714834463057,0.26661816,
865,0,0.00029916898834388237,0.27690756,
866,0,0.00029916648950050373,0.26429754,
867,0,0.0002991639869162325,0.26536441,
868,0,0.0002991614805911314,0.26097178,
869,0,0.0002991589705252633,0.26978952,
870,0,0.0002991564567186911,0.26468834,
871,0,0.0002991539391714779,0.25995639,
872,0,0.0002991514178836869,0.27611074,
873,0,0.0002991488928553812,0.26800102,
874,0,0.0002991463640866242,0.26633820,
875,0,0.0002991438315774794,0.27640560,
876,0,0.00029914129532801004,0.27595663,
877,0,0.00029913875533828005,0.26784033,
878,0,0.0002991362116083529,0.26442555,
879,0,0.00029913366413829247,0.26990911,
880,0,0.00029913111292816265,0.27378112,
881,0,0.00029912855797802735,0.26397520,
882,0,0.0002991259992879508,0.26567107,
883,0,0.00029912343685799703,0.24560294,
884,0,0.0002991208706882304,0.26851687,
885,0,0.0002991183007787151,0.24838524,
886,0,0.00029911572712951575,0.27087697,
887,0,0.0002991131497406969,0.26553693,
888,0,0.000299110568612323,0.26576033,
889,0,0.000299107983744459,0.25459042,
890,0,0.0002991053951371696,0.26230159,
891,0,0.00029910280279051975,0.25780791,
892,0,0.0002991002067045744,0.26644149,
893,0,0.0002990976068793988,0.27500173,
894,0,0.00029909500331505806,0.26207066,
895,0,0.0002990923960116175,0.24938574,
896,0,0.00029908978496914236,0.25884533,
897,0,0.00029908717018769837,0.26699322,
898,0,0.00029908455166735093,0.27370676,
899,0,0.0002990819294081658,0.25268221,
900,0,0.0002990793034102087,0.26693836,
901,0,0.00029907667367354545,0.25479701,
902,0,0.00029907404019824206,0.27238196,
903,0,0.00029907140298436456,0.25420550,
904,0,0.0002990687620319791,0.25223848,
905,0,0.0002990661173411519,0.26646131,
906,0,0.0002990634689119493,0.26530898,
907,0,0.0002990608167444377,0.25839940,
908,0,0.0002990581608386835,0.25369394,
909,0,0.00029905550119475356,0.26106104,
910,0,0.00029905283781271434,0.26396197,
911,0,0.0002990501706926328,0.26162556,
912,0,0.00029904749983457573,0.25911191,
913,0,0.00029904482523861013,0.25941315,
914,0,0.00029904214690480317,0.25481442,
915,0,0.00029903946483322185,0.27009562,
916,0,0.00029903677902393355,0.25468731,
917,0,0.0002990340894770056,0.26894262,
918,0,0.0002990313961925054,0.24226224,
919,0,0.00029902869917050064,0.24285224,
920,0,0.0002990259984110588,0.26172149,
921,0,0.00029902329391424764,0.25184926,
922,0,0.0002990205856801351,0.26563478,
923,0,0.0002990178737087889,0.26892900,
924,0,0.0002990151580002772,0.25152922,
925,0,0.00029901243855466814,0.26163307,
926,0,0.0002990097153720298,0.24858251,
927,0,0.00029900698845243057,0.26741526,
928,0,0.0002990042577959387,0.25715673,
929,0,0.00029900152340262286,0.25638214,
930,0,0.0002989987852725515,0.25935945,
931,0,0.0002989960434057933,0.25095019,
932,0,0.000298993297802417,0.26279631,
933,0,0.0002989905484624916,0.25097352,
934,0,0.00029898779538608584,0.24898660,
935,0,0.00029898503857326897,0.26237431,
936,0,0.00029898227802410996,0.25923058,
937,0,0.00029897951373867817,0.24927056,
938,0,0.00029897674571704275,0.27034092,
939,0,0.0002989739739592733,0.25600335,
940,0,0.00029897119846543927,0.25475714,
941,0,0.00029896841923561024,0.23792638,
942,0,0.00029896563626985597,0.25118616,
943,0,0.00029896284956824616,0.25391382,
944,0,0.0002989600591308508,0.24040434,
945,0,0.00029895726495773975,0.26747474,
946,0,0.00029895446704898313,0.25156605,
947,0,0.0002989516654046512,0.23668621,
948,0,0.00029894886002481417,0.25504357,
949,0,0.00029894605090954234,0.24593258,
950,0,0.00029894323805890617,0.26139641,
951,0,0.0002989404214729762,0.25547472,
952,0,0.00029893760115182313,0.24253994,
953,0,0.00029893477709551765,0.24511190,
954,0,0.0002989319493041306,0.26525977,
955,0,0.0002989291177777329,0.25673482,
956,0,0.0002989262825163955,0.26063186,
957,0,0.0002989234435201896,0.25189897,
958,0,0.0002989206007891863,0.25406054,
959,0,0.000298917754323457,0.25273699,
960,0,0.0002989149041230729,0.26011670,
961,0,0.0002989120501881057,0.24038488,
962,0,0.00029890919251862683,0.24085253,
963,0,0.00029890633111470807,0.24574862,
964,0,0.00029890346597642107,0.24453990,
965,0,0.00029890059710383773,0.24758703,
966,0,0.00029889772449703,0.24366157,
967,0,0.0002988948481560699,0.26143366,
968,0,0.0002988919680810296,0.25033748,
969,0,0.00029888908427198126,0.24855837,
970,0,0.0002988861967289973,0.25009400,
971,0,0.00029888330545215007,0.25353315,
972,0,0.00029888041044151206,0.25864363,
973,0,0.00029887751169715597,0.24455637,
974,0,0.0002988746092191544,0.24758404,
975,0,0.0002988717030075802,0.25119734,
976,0,0.0002988687930625062,0.24349397,
977,0,0.00029886587938400544,0.25041014,
978,0,0.0002988629619721509,0.25217184,
979,0,0.0002988600408270159,0.24666217,
980,0,0.0002988571159486735,0.25480440,
981,0,0.00029885418733719717,0.24848557,
982,0,0.0002988512549926604,0.24907027,
983,0,0.0002988483189151366,0.25858220,
984,0,0.00029884537910469946,0.24739183,
985,0,0.0002988424355614227,0.24683215,
986,0,0.00029883948828538024,0.25162265,
987,0,0.00029883653727664583,0.24449158,
988,0,0.00029883358253529363,0.24933991,
989,0,0.00029883062406139765,0.24660489,
990,0,0.0002988276618550321,0.24263167,
991,0,0.0002988246959162712,0.24996470,
992,0,0.0002988217262451895,0.24724582,
993,0,0.00029881875284186134,0.25662276,
994,0,0.0002988157757063613,0.24816498,
995,0,0.0002988127948387641,0.25856981,
996,0,0.00029880981023914447,0.25666216,
997,0,0.00029880682190757725,0.24805787,
998,0,0.00029880382984413735,0.24425490,
999,0,0.0002988008340488999,0.23497933,
1000,0,0.00029879783452193995,0.24483940,
1000,0,0.00029879783452193995,,0.81466058
1001,0,0.00029879483126333276,0.24410954,
1002,0,0.0002987918242731536,0.24675076,
1003,0,0.00029878881355147795,0.24837512,
1004,0,0.00029878579909838125,0.25148901,
1005,0,0.0002987827809139392,0.25349131,
1006,0,0.0002987797589982274,0.24149293,
1007,0,0.0002987767333513216,0.24120280,
1008,0,0.0002987737039732978,0.25438076,
1009,0,0.00029877067086423186,0.23602618,
1010,0,0.00029876763402419997,0.24738139,
1011,0,0.00029876459345327814,0.24633776,
1012,0,0.00029876154915154274,0.24147198,
1013,0,0.00029875850111907006,0.23688856,
1014,0,0.0002987554493559366,0.24048448,
1015,0,0.00029875239386221883,0.22954541,
1016,0,0.0002987493346379934,0.25153205,
1017,0,0.00029874627168333703,0.24007457,
1018,0,0.0002987432049983265,0.24743699,
1019,0,0.00029874013458303875,0.24857280,
1020,0,0.00029873706043755083,0.24475394,
1021,0,0.0002987339825619398,0.24750073,
1022,0,0.0002987309009562828,0.24525863,
1023,0,0.00029872781562065716,0.24169141,
1024,0,0.00029872472655514026,0.24170394,
1025,0,0.00029872163375980955,0.24337682,
1026,0,0.00029871853723474265,0.24063440,
1027,0,0.00029871543698001713,0.24128397,
1028,0,0.0002987123329957107,0.24171196,
1029,0,0.0002987092252819014,0.24123622,
1030,0,0.000298706113838667,0.23232153,
1031,0,0.00029870299866608557,0.23806286,
1032,0,0.00029869987976423524,0.24242283,
1033,0,0.0002986967571331943,0.25032315,
1034,0,0.0002986936307730409,0.26039916,
1035,0,0.00029869050068385354,0.24799937,
1036,0,0.0002986873668657108,0.24348591,
1037,0,0.0002986842293186911,0.24765976,
1038,0,0.00029868108804287325,0.25035924,
1039,0,0.000298677943038336,0.23586453,
1040,0,0.00029867479430515823,0.24192342,
1041,0,0.0002986716418434189,0.23086362,
1042,0,0.000298668485653197,0.23874241,
1043,0,0.0002986653257345718,0.24744324,
1044,0,0.00029866216208762245,0.25447208,
1045,0,0.00029865899471242835,0.24985041,
1046,0,0.0002986558236090689,0.24651736,
1047,0,0.00029865264877762364,0.24863528,
1048,0,0.0002986494702181722,0.22007497,
1049,0,0.0002986462879307943,0.24195904,
1050,0,0.00029864310191556965,0.23041593,
1051,0,0.0002986399121725783,0.24767245,
1052,0,0.0002986367187019002,0.24097359,
1053,0,0.0002986335215036154,0.23740984,
1054,0,0.0002986303205778041,0.23835509,
1055,0,0.00029862711592454653,0.23681603,
1056,0,0.00029862390754392307,0.23033153,
1057,0,0.0002986206954360143,0.23070113,
1058,0,0.00029861747960090065,0.23859441,
1059,0,0.0002986142600386628,0.24421620,
1060,0,0.00029861103674938154,0.24396811,
1061,0,0.0002986078097331376,0.23559526,
1062,0,0.000298604578990012,0.24283127,
1063,0,0.0002986013445200857,0.25053555,
1064,0,0.0002985981063234399,0.24061909,
1065,0,0.0002985948644001558,0.23557714,
1066,0,0.00029859161875031456,0.23334210,
1067,0,0.0002985883693739978,0.23395990,
1068,0,0.00029858511627128674,0.23807175,
1069,0,0.00029858185944226325,0.23508833,
1070,0,0.0002985785988870088,0.24011976,
1071,0,0.00029857533460560525,0.23385729,
1072,0,0.00029857206659813444,0.25278109,
1073,0,0.00029856879486467834,0.23172583,
1074,0,0.000298565519405319,0.23164846,
1075,0,0.00029856224022013853,0.23111075,
1076,0,0.00029855895730921924,0.23442955,
1077,0,0.00029855567067264333,0.24549979,
1078,0,0.0002985523803104934,0.23420185,
1079,0,0.00029854908622285183,0.24720946,
1080,0,0.00029854578840980125,0.23553856,
1081,0,0.00029854248687142447,0.23531675,
1082,0,0.00029853918160780416,0.23940980,
1083,0,0.00029853587261902326,0.25141302,
1084,0,0.0002985325599051648,0.23968464,
1085,0,0.0002985292434663118,0.24489899,
1086,0,0.0002985259233025474,0.23194359,
1087,0,0.00029852259941395495,0.25064749,
1088,0,0.0002985192718006178,0.23394956,
1089,0,0.0002985159404626193,0.24398485,
1090,0,0.0002985126054000431,0.21981341,
1091,0,0.0002985092666129728,0.23317581,
1092,0,0.00029850592410149223,0.24581850,
1093,0,0.00029850257786568507,0.25017369,
1094,0,0.0002984992279056352,0.24996114,
1095,0,0.0002984958742214269,0.24345611,
1096,0,0.00029849251681314396,0.24167013,
1097,0,0.0002984891556808708,0.22487870,
1098,0,0.00029848579082469157,0.23973645,
1099,0,0.00029848242224469074,0.23885716,
1100,0,0.00029847904994095283,0.23672880,
1101,0,0.0002984756739135623,0.24239242,
1102,0,0.0002984722941626039,0.22575669,
1103,0,0.00029846891068816233,0.23712358,
1104,0,0.00029846552349032247,0.23965649,
1105,0,0.0002984621325691693,0.23669450,
1106,0,0.00029845873792478777,0.23618884,
1107,0,0.0002984553395572631,0.22607917,
1108,0,0.0002984519374666805,0.23239981,
1109,0,0.00029844853165312526,0.23796733,
1110,0,0.00029844512211668286,0.24077889,
1111,0,0.0002984417088574387,0.23381615,
1112,0,0.0002984382918754785,0.22962986,
1113,0,0.0002984348711708878,0.23055084,
1114,0,0.0002984314467437525,0.22230391,
1115,0,0.0002984280185941585,0.22703423,
1116,0,0.00029842458672219165,0.24209206,
1117,0,0.0002984211511279382,0.23457280,
1118,0,0.00029841771181148414,0.24077471,
1119,0,0.0002984142687729158,0.23900889,
1120,0,0.0002984108220123196,0.23911566,
1121,0,0.00029840737152978176,0.23611017,
1122,0,0.000298403917325389,0.23929782,
1123,0,0.00029840045939922796,0.24334323,
1124,0,0.00029839699775138524,0.22602421,
1125,0,0.0002983935323819477,0.23335259,
1126,0,0.00029839006329100226,0.23429538,
1127,0,0.00029838659047863597,0.24070615,
1128,0,0.0002983831139449358,0.23284288,
1129,0,0.00029837963368998903,0.22260357,
1130,0,0.00029837614971388294,0.23326062,
1131,0,0.00029837266201670484,0.23007661,
1132,0,0.0002983691705985423,0.23355590,
1133,0,0.00029836567545948276,0.23459801,
1134,0,0.000298362176599614,0.23563589,
1135,0,0.0002983586740190236,0.23162676,
1136,0,0.0002983551677177996,0.22304453,
1137,0,0.0002983516576960297,0.22761898,
1138,0,0.00029834814395380215,0.24380597,
1139,0,0.00029834462649120497,0.23511605,
1140,0,0.00029834110530832633,0.24592087,
1141,0,0.00029833758040525465,0.22618556,
1142,0,0.0002983340517820783,0.24473882,
1143,0,0.00029833051943888565,0.23853956,
1144,0,0.00029832698337576544,0.24645947,
1145,0,0.00029832344359280623,0.23942915,
1146,0,0.00029831990009009687,0.23973437,
1147,0,0.0002983163528677262,0.21432418,
1148,0,0.0002983128019257832,0.22841951,
1149,0,0.0002983092472643569,0.22743900,
1150,0,0.0002983056888835365,0.23162980,
1151,0,0.0002983021267834111,0.23335338,
1152,0,0.0002982985609640702,0.24319032,
1153,0,0.00029829499142560313,0.22929548,
1154,0,0.0002982914181680994,0.23776294,
1155,0,0.00029828784119164867,0.24716160,
1156,0,0.0002982842604963406,0.22681123,
1157,0,0.0002982806760822651,0.22171843,
1158,0,0.00029827708794951194,0.23938714,
1159,0,0.0002982734960981711,0.22963452,
1160,0,0.0002982699005283327,0.23073180,
1161,0,0.000298266301240087,0.23215677,
1162,0,0.00029826269823352415,0.22142795,
1163,0,0.0002982590915087345,0.22811994,
1164,0,0.0002982554810658086,0.23496935,
1165,0,0.0002982518669048369,0.22803012,
1166,0,0.00029824824902591006,0.22607683,
1167,0,0.00029824462742911883,0.23389241,
1168,0,0.00029824100211455406,0.21605122,
1169,0,0.0002982373730823066,0.22675593,
1170,0,0.0002982337403324675,0.22825611,
1171,0,0.00029823010386512795,0.23074237,
1172,0,0.000298226463680379,0.22114351,
1173,0,0.00029822281977831197,0.22387944,
1174,0,0.0002982191721590183,0.21974063,
1175,0,0.0002982155208225895,0.22181194,
1176,0,0.000298211865769117,0.23386912,
1177,0,0.0002982082069986926,0.21468383,
1178,0,0.00029820454451140796,0.21953715,
1179,0,0.000298200878307355,0.23004292,
1180,0,0.00029819720838662565,0.22752492,
1181,0,0.000298193534749312,0.23529667,
1182,0,0.00029818985739550597,0.22482996,
1183,0,0.00029818617632530004,0.22270276,
1184,0,0.00029818249153878637,0.22930008,
1185,0,0.0002981788030360574,0.22915617,
1186,0,0.0002981751108172057,0.22328632,
1187,0,0.00029817141488232377,0.23096736,
1188,0,0.0002981677152315044,0.22570617,
1189,0,0.00029816401186484023,0.22440176,
1190,0,0.0002981603047824243,0.21324207,
1191,0,0.0002981565939843494,0.22581446,
1192,0,0.00029815287947070876,0.22368826,
1193,0,0.00029814916124159543,0.23237567,
1194,0,0.00029814543929710275,0.22764786,
1195,0,0.00029814171363732396,0.23440923,
1196,0,0.0002981379842623525,0.21476267,
1197,0,0.00029813425117228206,0.23681273,
1198,0,0.000298130514367206,0.22303744,
1199,0,0.00029812677384721825,0.22480777,
1200,0,0.00029812302961241253,0.21910252,
1200,0,0.00029812302961241253,,0.83224526
1201,0,0.00029811928166288275,0.23071833,
1202,0,0.00029811552999872286,0.22822194,
1203,0,0.000298111774620027,0.22684236,
1204,0,0.0002981080155268894,0.23495272,
1205,0,0.0002981042527194042,0.21825729,
1206,0,0.0002981004861976659,0.21367614,
1207,0,0.00029809671596176885,0.23297954,
1208,0,0.0002980929420118076,0.22360526,
1209,0,0.00029808916434787697,0.22255473,
1210,0,0.00029808538297007147,0.22789544,
1211,0,0.0002980815978784861,0.21225065,
1212,0,0.0002980778090732157,0.23432758,
1213,0,0.0002980740165543553,0.21780215,
1214,0,0.000298070220322,0.21671297,
1215,0,0.00029806642037624503,0.22093788,
1216,0,0.0002980626167171857,0.23598947,
1217,0,0.0002980588093449174,0.24394457,
1218,0,0.0002980549982595356,0.23124644,
1219,0,0.0002980511834611358,0.23133391,
1220,0,0.0002980473649498138,0.23439161,
1221,0,0.0002980435427256653,0.22023711,
1222,0,0.00029803971678878615,0.22179803,
1223,0,0.00029803588713927235,0.21521322,
1224,0,0.0002980320537772198,0.22945040,
1225,0,0.0002980282167027248,0.23043482,
1226,0,0.0002980243759158836,0.21459599,
1227,0,0.0002980205314167923,0.23154530,
1228,0,0.00029801668320554754,0.23172037,
1229,0,0.00029801283128224574,0.21972345,
1230,0,0.00029800897564698345,0.23398931,
1231,0,0.00029800511629985744,0.22392736,
1232,0,0.0002980012532409645,0.21356368,
1233,0,0.00029799738647040146,0.22825412,
1234,0,0.00029799351598826533,0.21666704,
1235,0,0.00029798964179465314,0.22458474,
1236,0,0.0002979857638896621,0.24061276,
1237,0,0.00029798188227338944,0.22290094,
1238,0,0.0002979779969459325,0.22379939,
1239,0,0.0002979741079073887,0.23493533,
1240,0,0.0002979702151578556,0.22573580,
1241,0,0.0002979663186974308,0.22309786,
1242,0,0.0002979624185262121,0.22763018,
1243,0,0.00029795851464429714,0.21867299,
1244,0,0.000297954607051784,0.23204090,
1245,0,0.0002979506957487706,0.22282392,
1246,0,0.00029794678073535505,0.22894920,
1247,0,0.0002979428620116355,0.23463255,
1248,0,0.0002979389395777102,0.22122030,
1249,0,0.00029793501343367766,0.21162461,
1250,0,0.00029793108357963624,0.21873175,
1251,0,0.00029792715001568447,0.21616746,
1252,0,0.000297923212741921,0.22281010,
1253,0,0.00029791927175844464,0.22393918,
1254,0,0.0002979153270653542,0.21908569,
1255,0,0.00029791137866274855,0.24398787,
1256,0,0.0002979074265507268,0.22628626,
1257,0,0.000297903470729388,0.22397238,
1258,0,0.0002978995111988314,0.22629681,
1259,0,0.00029789554795915625,0.22726417,
1260,0,0.00029789158101046196,0.22595333,
1261,0,0.00029788761035284806,0.22066267,
1262,0,0.00029788363598641407,0.22113365,
1263,0,0.0002978796579112597,0.22931007,
1264,0,0.0002978756761274847,0.21286932,
1265,0,0.0002978716906351889,0.22995222,
1266,0,0.0002978677014344723,0.22926402,
1267,0,0.0002978637085254349,0.22757827,
1268,0,0.00029785971190817687,0.23988341,
1269,0,0.0002978557115827984,0.22691056,
1270,0,0.0002978517075493999,0.22227992,
1271,0,0.0002978476998080817,0.23430848,
1272,0,0.00029784368835894434,0.23084205,
1273,0,0.0002978396732020884,0.22779964,
1274,0,0.0002978356543376146,0.22566921,
1275,0,0.0002978316317656238,0.22415096,
1276,0,0.0002978276054862167,0.21517575,
1277,0,0.00029782357549949437,0.22006784,
1278,0,0.0002978195418055579,0.23653010,
1279,0,0.00029781550440450844,0.21095300,
1280,0,0.00029781146329644725,0.21106979,
1281,0,0.00029780741848147563,0.22631736,
1282,0,0.00029780336995969506,0.23622000,
1283,0,0.000297799317731207,0.22702174,
1284,0,0.0002977952617961132,0.22587165,
1285,0,0.00029779120215451535,0.23975939,
1286,0,0.00029778713880651515,0.22815183,
1287,0,0.00029778307175221455,0.20551084,
1288,0,0.00029777900099171563,0.22650792,
1289,0,0.0002977749265251204,0.22016782,
1290,0,0.00029777084835253106,0.21868077,
1291,0,0.0002977667664740499,0.22111075,
1292,0,0.0002977626808897792,0.22089253,
1293,0,0.00029775859159982156,0.21773778,
1294,0,0.00029775449860427946,0.23337346,
1295,0,0.0002977504019032556,0.21039540,
1296,0,0.0002977463014968526,0.21459340,
1297,0,0.0002977421973851734,0.21774957,
1298,0,0.00029773808956832083,0.23077072,
1299,0,0.00029773397804639805,0.22817779,
1300,0,0.00029772986281950806,0.21434799,
1301,0,0.0002977257438877541,0.20446916,
1302,0,0.0002977216212512395,0.21688686,
1303,0,0.00029771749491006754,0.21758303,
1304,0,0.0002977133648643419,0.22941442,
1305,0,0.0002977092311141659,0.23631583,
1306,0,0.00029770509365964335,0.22058794,
1307,0,0.00029770095250087806,0.21986544,
1308,0,0.0002976968076379738,0.23045129,
1309,0,0.00029769265907103457,0.21321300,
1310,0,0.0002976885068001644,0.22065903,
1311,0,0.0002976843508254674,0.21837783,
1312,0,0.00029768019114704777,0.22096980,
1313,0,0.0002976760277650099,0.22027986,
1314,0,0.00029767186067945815,0.21462567,
1315,0,0.00029766768989049705,0.22166511,
1316,0,0.0002976635153982312,0.22682302,
1317,0,0.00029765933720276525,0.21946865,
1318,0,0.00029765515530420404,0.22326809,
1319,0,0.00029765096970265243,0.22027524,
1320,0,0.00029764678039821533,0.21705805,
1321,0,0.00029764258739099786,0.21982284,
1322,0,0.00029763839068110517,0.22463220,
1323,0,0.00029763419026864255,0.21009286,
1324,0,0.00029762998615371527,0.22948034,
1325,0,0.00029762577833642877,0.22603463,
1326,0,0.0002976215668168886,0.21446076,
1327,0,0.00029761735159520035,0.21974389,
1328,0,0.0002976131326714698,0.22731438,
1329,0,0.0002976089100458027,0.20848383,
1330,0,0.0002976046837183049,0.23439705,
1331,0,0.00029760045368908253,0.22304404,
1332,0,0.0002975962199582416,0.21129274,
1333,0,0.00029759198252588817,0.21702747,
1334,0,0.0002975877413921287,0.21029125,
1335,0,0.00029758349655706947,0.22070873,
1336,0,0.0002975792480208169,0.22577550,
1337,0,0.0002975749957834776,0.20835197,
1338,0,0.00029757073984515816,0.21505038,
1339,0,0.00029756648020596535,0.21151198,
1340,0,0.00029756221686600597,0.21596119,
1341,0,0.0002975579498253869,0.20619906,
1342,0,0.0002975536790842153,0.21960293,
1343,0,0.0002975494046425981,0.22238472,
1344,0,0.0002975451265006426,0.20897830,
1345,0,0.0002975408446584561,0.22483997,
1346,0,0.00029753655911614584,0.21605468,
1347,0,0.0002975322698738195,0.21197253,
1348,0,0.0002975279769315845,0.22419110,
1349,0,0.0002975236802895486,0.22073126,
1350,0,0.00029751937994781946,0.22377799,
1351,0,0.00029751507590650497,0.23128928,
1352,0,0.0002975107681657131,0.23182783,
1353,0,0.0002975064567255518,0.22226995,
1354,0,0.0002975021415861293,0.22068529,
1355,0,0.00029749782274755376,0.21623836,
1356,0,0.0002974935002099335,0.20361051,
1357,0,0.0002974891739733769,0.22430058,
1358,0,0.0002974848440379924,0.21458849,
1359,0,0.0002974805104038888,0.20501193,
1360,0,0.0002974761730711746,0.21214049,
1361,0,0.0002974718320399586,0.20839027,
1362,0,0.0002974674873103497,0.23284042,
1363,0,0.00029746313888245684,0.21462825,
1364,0,0.00029745878675638905,0.21150136,
1365,0,0.00029745443093225554,0.21849836,
1366,0,0.0002974500714101656,0.22373079,
1367,0,0.0002974457081902283,0.20690106,
1368,0,0.00029744134127255336,0.22370365,
1369,0,0.00029743697065725015,0.21678518,
1370,0,0.0002974325963444283,0.21090925,
1371,0,0.0002974282183341975,0.22802816,
1372,0,0.0002974238366266676,0.20899600,
1373,0,0.0002974194512219484,0.22778739,
1374,0,0.00029741506212014994,0.21950340,
1375,0,0.0002974106693213823,0.21472916,
1376,0,0.00029740627282575564,0.21600111,
1377,0,0.00029740187263338014,0.21152261,
1378,0,0.0002973974687443662,0.21609314,
1379,0,0.00029739306115882433,0.20661345,
1380,0,0.00029738864987686504,0.20623729,
1381,0,0.00029738423489859893,0.21501380,
1382,0,0.0002973798162241367,0.21947578,
1383,0,0.0002973753938535892,0.21529233,
1384,0,0.00029737096778706726,0.20463978,
1385,0,0.00029736653802468207,0.22385375,
1386,0,0.0002973621045665445,0.21328588,
1387,0,0.00029735766741276583,0.21190320,
1388,0,0.0002973532265634574,0.22308652,
1389,0,0.0002973487820187305,0.21438693,
1390,0,0.0002973443337786966,0.22370762,
1391,0,0.00029733988184346726,0.22083078,
1392,0,0.00029733542621315415,0.20418160,
1393,0,0.00029733096688786903,0.21697558,
1394,0,0.00029732650386772363,0.21158305,
1395,0,0.00029732203715283,0.21926701,
1396,0,0.00029731756674330014,0.23071165,
1397,0,0.0002973130926392461,0.21498714,
1398,0,0.00029730861484078016,0.21057752,
1399,0,0.0002973041333480145,0.21107811,
1400,0,0.0002972996481610616,0.21756437,
1400,0,0.0002972996481610616,,0.82113330
1401,0,0.000297295159280034,0.22178808,
1402,0,0.0002972906667050441,0.21559864,
1403,0,0.0002972861704362047,0.20724817,
1404,0,0.0002972816704736286,0.21603991,
1405,0,0.00029727716681742845,0.21052931,
1406,0,0.0002972726594677174,0.20335957,
1407,0,0.00029726814842460843,0.20306522,
1408,0,0.00029726363368821467,0.21195900,
1409,0,0.00029725911525864927,0.21828169,
1410,0,0.0002972545931360256,0.21266721,
1411,0,0.00029725006732045714,0.20511474,
1412,0,0.0002972455378120573,0.21060568,
1413,0,0.0002972410046109396,0.22508767,
1414,0,0.00029723646771721797,0.21120746,
1415,0,0.000297231927131006,0.21505576,
1416,0,0.0002972273828524176,0.22055750,
1417,0,0.0002972228348815667,0.21209110,
1418,0,0.00029721828321856744,0.21869890,
1419,0,0.00029721372786353393,0.21229617,
1420,0,0.0002972091688165804,0.21082489,
1421,0,0.00029720460607782115,0.21341579,
1422,0,0.00029720003964737074,0.22141777,
1423,0,0.0002971954695253435,0.21000531,
1424,0,0.00029719089571185426,0.21343116,
1425,0,0.00029718631820701755,0.21171312,
1426,0,0.0002971817370109482,0.21522811,
1427,0,0.00029717715212376116,0.21467948,
1428,0,0.0002971725635455714,0.21518809,
1429,0,0.0002971679712764939,0.21360150,
1430,0,0.00029716337531664395,0.21632093,
1431,0,0.00029715877566613674,0.20294768,
1432,0,0.0002971541723250876,0.21220638,
1433,0,0.00029714956529361213,0.21756771,
1434,0,0.0002971449545718257,0.21210982,
1435,0,0.000297140340159844,0.20849860,
1436,0,0.00029713572205778283,0.20572658,
1437,0,0.00029713110026575784,0.21938370,
1438,0,0.00029712647478388505,0.23088361,
1439,0,0.0002971218456122804,0.20328647,
1440,0,0.0002971172127510601,0.21120289,
1441,0,0.0002971125762003402,0.21922432,
1442,0,0.00029710793596023706,0.21035042,
1443,0,0.00029710329203086705,0.20208268,
1444,0,0.00029709864441234654,0.22472116,
1445,0,0.0002970939931047922,0.21532555,
1446,0,0.00029708933810832064,0.22553816,
1447,0,0.0002970846794230486,0.20461912,
1448,0,0.0002970800170490929,0.21511801,
1449,0,0.0002970753509865705,0.21427269,
1450,0,0.0002970706812355983,0.21360405,
1451,0,0.0002970660077962935,0.20965499,
1452,0,0.00029706133066877344,0.20047295,
1453,0,0.00029705664985315525,0.20093270,
1454,0,0.00029705196534955626,0.20830309,
1455,0,0.0002970472771580941,0.22354394,
1456,0,0.0002970425852788863,0.22761229,
1457,0,0.0002970378897120505,0.21452954,
1458,0,0.00029703319045770444,0.22336356,
1459,0,0.0002970284875159661,0.21796960,
1460,0,0.00029702378088695324,0.21775170,
1461,0,0.00029701907057078395,0.21539238,
1462,0,0.0002970143565675765,0.20316897,
1463,0,0.0002970096388774489,0.21997204,
1464,0,0.0002970049175005196,0.20551088,
1465,0,0.00029700019243690697,0.19286612,
1466,0,0.00029699546368672946,0.20544469,
1467,0,0.0002969907312501058,0.21895033,
1468,0,0.00029698599512715455,0.20168446,
1469,0,0.0002969812553179945,0.22417063,
1470,0,0.0002969765118227445,0.22490875,
1471,0,0.0002969717646415236,0.20800038,
1472,0,0.00029696701377445074,0.21443841,
1473,0,0.0002969622592216452,0.20977464,
1474,0,0.0002969575009832261,0.21330647,
1475,0,0.0002969527390593128,0.21770808,
1476,0,0.00029694797345002473,0.20440046,
1477,0,0.00029694320415548145,0.22962239,
1478,0,0.0002969384311758025,0.21733399,
1479,0,0.0002969336545111076,0.21480876,
1480,0,0.0002969288741615165,0.20380306,
1481,0,0.00029692409012714924,0.21129705,
1482,0,0.00029691930240812565,0.19852988,
1483,0,0.0002969145110045658,0.20541717,
1484,0,0.00029690971591658994,0.21005912,
1485,0,0.00029690491714431824,0.20895714,
1486,0,0.0002969001146878711,0.20988746,
1487,0,0.00029689530854736895,0.20988928,
1488,0,0.00029689049872293227,0.22549300,
1489,0,0.00029688568521468175,0.22410288,
1490,0,0.00029688086802273807,0.20684238,
1491,0,0.00029687604714722206,0.20636927,
1492,0,0.0002968712225882546,0.20239148,
1493,0,0.00029686639434595673,0.18988819,
1494,0,0.0002968615624204495,0.21183763,
1495,0,0.00029685672681185405,0.21005638,
1496,0,0.00029685188752029174,0.20460063,
1497,0,0.0002968470445458839,0.20375875,
1498,0,0.0002968421978887519,0.21128027,
1499,0,0.0002968373475490174,0.19974056,
1500,0,0.00029683249352680197,0.20422739,
1501,0,0.0002968276358222274,0.21379057,
1502,0,0.0002968227744354154,0.21238320,
1503,0,0.00029681790936648804,0.21803688,
1504,0,0.00029681304061556727,0.21015766,
1505,0,0.00029680816818277513,0.21182546,
1506,0,0.00029680329206823385,0.20697467,
1507,0,0.0002967984122720658,0.20606239,
1508,0,0.00029679352879439326,0.19733626,
1509,0,0.0002967886416353387,0.21746384,
1510,0,0.0002967837507950248,0.20744066,
1511,0,0.000296778856273574,0.20099083,
1512,0,0.0002967739580711093,0.22407739,
1513,0,0.00029676905618775335,0.21990025,
1514,0,0.0002967641506236292,0.21218956,
1515,0,0.0002967592413788598,0.21123914,
1516,0,0.00029675432845356826,0.20074683,
1517,0,0.0002967494118478778,0.21605180,
1518,0,0.0002967444915619118,0.20439273,
1519,0,0.00029673956759579363,0.19467743,
1520,0,0.00029673463994964666,0.19877920,
1521,0,0.0002967297086235946,0.21216282,
1522,0,0.0002967247736177611,0.20250702,
1523,0,0.00029671983493226984,0.20464361,
1524,0,0.00029671489256724473,0.20054111,
1525,0,0.0002967099465228097,0.19759986,
1526,0,0.0002967049967990889,0.20276546,
1527,0,0.00029670004339620634,0.21368191,
1528,0,0.0002966950863142862,0.19568238,
1529,0,0.00029669012555345295,0.21328814,
1530,0,0.0002966851611138309,0.20133489,
1531,0,0.00029668019299554463,0.20293230,
1532,0,0.0002966752211987186,0.20781916,
1533,0,0.00029667024572347766,0.20139466,
1534,0,0.00029666526656994645,0.22755457,
1535,0,0.0002966602837382498,0.20467916,
1536,0,0.0002966552972285129,0.21486892,
1537,0,0.0002966503070408606,0.20861153,
1538,0,0.00029664531317541816,0.22507505,
1539,0,0.00029664031563231074,0.21833785,
1540,0,0.00029663531441166376,0.20103207,
1541,0,0.0002966303095136025,0.20094199,
1542,0,0.00029662530093825263,0.20006585,
1543,0,0.00029662028868573974,0.21662627,
1544,0,0.0002966152727561894,0.21315490,
1545,0,0.0002966102531497275,0.20707235,
1546,0,0.00029660522986648,0.20042133,
1547,0,0.0002966002029065727,0.20065688,
1548,0,0.0002965951722701318,0.23203018,
1549,0,0.0002965901379572834,0.20407757,
1550,0,0.0002965850999681538,0.21988201,
1551,0,0.00029658005830286927,0.20057471,
1552,0,0.00029657501296155635,0.22524615,
1553,0,0.0002965699639443415,0.20784365,
1554,0,0.00029656491125135137,0.21752742,
1555,0,0.0002965598548827127,0.20498322,
1556,0,0.0002965547948385522,0.21228217,
1557,0,0.0002965497311189969,0.21549580,
1558,0,0.00029654466372417364,0.20719065,
1559,0,0.00029653959265420963,0.20942818,
1560,0,0.00029653451790923204,0.20363067,
1561,0,0.0002965294394893681,0.20630948,
1562,0,0.00029652435739474514,0.20772335,
1563,0,0.0002965192716254906,0.20999239,
1564,0,0.00029651418218173216,0.20927522,
1565,0,0.0002965090890635973,0.20762098,
1566,0,0.00029650399227121386,0.21100917,
1567,0,0.0002964988918047096,0.20882371,
1568,0,0.0002964937876642124,0.21231973,
1569,0,0.0002964886798498503,0.20882450,
1570,0,0.00029648356836175144,0.20032687,
1571,0,0.000296478453200044,0.21581626,
1572,0,0.0002964733343648562,0.21769179,
1573,0,0.00029646821185631643,0.20098017,
1574,0,0.00029646308567455324,0.20191979,
1575,0,0.00029645795581969506,0.19542517,
1576,0,0.00029645282229187066,0.20143013,
1577,0,0.00029644768509120873,0.20740180,
1578,0,0.00029644254421783806,0.22956833,
1579,0,0.00029643739967188763,0.21067625,
1580,0,0.00029643225145348646,0.19767788,
1581,0,0.0002964270995627636,0.22156395,
1582,0,0.00029642194399984834,0.20457083,
1583,0,0.00029641678476486987,0.21038058,
1584,0,0.0002964116218579577,0.20359367,
1585,0,0.00029640645527924126,0.19992812,
1586,0,0.0002964012850288501,0.20831729,
1587,0,0.00029639611110691386,0.19571796,
1588,0,0.00029639093351356235,0.21033032,
1589,0,0.00029638575224892534,0.21405707,
1590,0,0.00029638056731313284,0.20282230,
1591,0,0.00029637537870631493,0.20121343,
1592,0,0.00029637018642860157,0.20954880,
1593,0,0.00029636499048012313,0.20325552,
1594,0,0.00029635979086100987,0.20392051,
1595,0,0.0002963545875713921,0.20461272,
1596,0,0.0002963493806114005,0.19925913,
1597,0,0.00029634416998116546,0.20198527,
1598,0,0.0002963389556808178,0.20675895,
1599,0,0.00029633373771048815,0.19567756,
1600,0,0.00029632851607030747,0.21403854,
1600,0,0.00029632851607030747,,0.81589062
1601,0,0.00029632329076040667,0.20582719,
1602,0,0.00029631806178091687,0.20734209,
1603,0,0.00029631282913196916,0.20610808,
1604,0,0.0002963075928136947,0.20393215,
1605,0,0.00029630235282622486,0.20382053,
1606,0,0.00029629710916969103,0.19394642,
1607,0,0.0002962918618442248,0.19597697,
1608,0,0.0002962866108499577,0.20616482,
1609,0,0.0002962813561870214,0.20810819,
1610,0,0.0002962760978555477,0.19893572,
1611,0,0.0002962708358556685,0.20617457,
1612,0,0.0002962655701875157,0.19404060,
1613,0,0.0002962603008512214,0.21225545,
1614,0,0.00029625502784691774,0.19969806,
1615,0,0.000296249751174737,0.20880857,
1616,0,0.00029624447083481144,0.21806005,
1617,0,0.0002962391868272735,0.20678066,
1618,0,0.00029623389915225577,0.19440481,
1619,0,0.00029622860780989074,0.22501244,
1620,0,0.0002962233128003112,0.20013262,
1621,0,0.0002962180141236499,0.21026459,
1622,0,0.00029621271178003976,0.21069886,
1623,0,0.0002962074057696137,0.20254445,
1624,0,0.00029620209609250485,0.21297835,
1625,0,0.0002961967827488463,0.21438812,
1626,0,0.0002961914657387714,0.19353545,
1627,0,0.0002961861450624134,0.19626337,
1628,0,0.0002961808207199057,0.20568271,
1629,0,0.000296175492711382,0.20613053,
1630,0,0.00029617016103697575,0.18812847,
1631,0,0.0002961648256968207,0.21129474,
1632,0,0.0002961594866910508,0.21169490,
1633,0,0.0002961541440197997,0.19554660,
1634,0,0.0002961487976832016,0.19878200,
1635,0,0.00029614344768139045,0.20033351,
1636,0,0.00029613809401450044,0.19273748,
1637,0,0.0002961327366826659,0.21343538,
1638,0,0.00029612737568602106,0.20451105,
1639,0,0.0002961220110247005,0.20048644,
1640,0,0.00029611664269883867,0.20188078,
1641,0,0.0002961112707085703,0.21086498,
1642,0,0.00029610589505403,0.19009170,
1643,0,0.00029610051573535263,0.21246979,
1644,0,0.0002960951327526731,0.21271370,
1645,0,0.0002960897461061264,0.18544048,
1646,0,0.0002960843557958476,0.19598411,
1647,0,0.0002960789618219719,0.19445592,
1648,0,0.00029607356418463466,0.20773491,
1649,0,0.0002960681628839711,0.19543380,
1650,0,0.0002960627579201167,0.21133411,
1651,0,0.0002960573492932071,0.20122564,
1652,0,0.0002960519370033779,0.20626026,
1653,0,0.00029604652105076477,0.19006990,
1654,0,0.0002960411014355037,0.19366220,
1655,0,0.0002960356781577304,0.21115069,
1656,0,0.000296030251217581,0.20521636,
1657,0,0.00029602482061519156,0.18601361,
1658,0,0.0002960193863506983,0.19738629,
1659,0,0.00029601394842423745,0.20301495,
1660,0,0.0002960085068359455,0.20161657,
1661,0,0.00029600306158595875,0.19714439,
1662,0,0.0002959976126744139,0.20752849,
1663,0,0.0002959921601014476,0.20972559,
1664,0,0.0002959867038671965,0.21137045,
1665,0,0.0002959812439717975,0.20021264,
1666,0,0.00029597578041538745,0.20677397,
1667,0,0.00029597031319810347,0.20087385,
1668,0,0.0002959648423200827,0.20654798,
1669,0,0.0002959593677814622,0.21430689,
1670,0,0.0002959538895823793,0.19226894,
1671,0,0.0002959484077229714,0.19882540,
1672,0,0.0002959429222033761,0.20096579,
1673,0,0.00029593743302373083,0.20895642,
1674,0,0.00029593194018417323,0.18528043,
1675,0,0.0002959264436848411,0.19358109,
1676,0,0.00029592094352587237,0.20160380,
1677,0,0.00029591543970740493,0.19405678,
1678,0,0.0002959099322295767,0.20417771,
1679,0,0.0002959044210925259,0.20037533,
1680,0,0.00029589890629639075,0.20037583,
1681,0,0.0002958933878413095,0.19959947,
1682,0,0.0002958878657274206,0.21754010,
1683,0,0.00029588233995486246,0.20636234,
1684,0,0.00029587681052377373,0.20569234,
1685,0,0.00029587127743429305,0.20679334,
1686,0,0.0002958657406865592,0.19841924,
1687,0,0.00029586020028071107,0.20462835,
1688,0,0.0002958546562168875,0.19809099,
1689,0,0.00029584910849522755,0.19908842,
1690,0,0.0002958435571158704,0.19406299,
1691,0,0.00029583800207895537,0.19938615,
1692,0,0.00029583244338462155,0.20723008,
1693,0,0.0002958268810330085,0.20121238,
1694,0,0.00029582131502425564,0.19945715,
1695,0,0.00029581574535850257,0.20494282,
1696,0,0.0002958101720358891,0.19369578,
1697,0,0.00029580459505655475,0.19202080,
1698,0,0.0002957990144206396,0.20003836,
1699,0,0.0002957934301282835,0.20094591,
1700,0,0.0002957878421796266,0.20579517,
1701,0,0.00029578225057480886,0.19459341,
1702,0,0.00029577665531397066,0.20807891,
1703,0,0.0002957710563972523,0.20102328,
1704,0,0.00029576545382479407,0.19195487,
1705,0,0.0002957598475967367,0.18672426,
1706,0,0.0002957542377132206,0.19851308,
1707,0,0.00029574862417438647,0.19909091,
1708,0,0.0002957430069803752,0.19476146,
1709,0,0.00029573738613132756,0.20092006,
1710,0,0.00029573176162738456,0.20632710,
1711,0,0.00029572613346868723,0.19980672,
1712,0,0.00029572050165537677,0.19762349,
1713,0,0.0002957148661875944,0.19847967,
1714,0,0.0002957092270654814,0.19211645,
1715,0,0.0002957035842891792,0.19879282,
1716,0,0.0002956979378588294,0.20225412,
1717,0,0.00029569228777457345,0.21143675,
1718,0,0.00029568663403655316,0.19812587,
1719,0,0.00029568097664491033,0.20534518,
1720,0,0.0002956753155997868,0.19181713,
1721,0,0.00029566965090132457,0.19098675,
1722,0,0.00029566398254966564,0.18971434,
1723,0,0.0002956583105449522,0.19772430,
1724,0,0.0002956526348873265,0.20151128,
1725,0,0.0002956469555769309,0.18451545,
1726,0,0.00029564127261390776,0.19023977,
1727,0,0.0002956355859983997,0.18363082,
1728,0,0.00029562989573054925,0.19197842,
1729,0,0.00029562420181049917,0.18811387,
1730,0,0.00029561850423839224,0.19683568,
1731,0,0.00029561280301437125,0.19811523,
1732,0,0.0002956070981385794,0.19684042,
1733,0,0.0002956013896111595,0.19496171,
1734,0,0.00029559567743225494,0.20864323,
1735,0,0.0002955899616020088,0.20326884,
1736,0,0.00029558424212056453,0.21049500,
1737,0,0.00029557851898806553,0.19579196,
1738,0,0.00029557279220465536,0.19792946,
1739,0,0.00029556706177047757,0.20073983,
1740,0,0.0002955613276856759,0.20039529,
1741,0,0.0002955555899503942,0.19461100,
1742,0,0.0002955498485647764,0.18857092,
1743,0,0.0002955441035289663,0.19056441,
1744,0,0.00029553835484310816,0.19193412,
1745,0,0.00029553260250734603,0.19928250,
1746,0,0.00029552684652182427,0.19294502,
1747,0,0.00029552108688668717,0.19936129,
1748,0,0.00029551532360207926,0.19208974,
1749,0,0.0002955095566681449,0.19611739,
1750,0,0.0002955037860850289,0.20456055,
1751,0,0.0002954980118528759,0.20597415,
1752,0,0.00029549223397183063,0.20643859,
1753,0,0.00029548645244203823,0.19631945,
1754,0,0.0002954806672636434,0.19091617,
1755,0,0.0002954748784367914,0.19707257,
1756,0,0.0002954690859616274,0.19960663,
1757,0,0.0002954632898382966,0.19787441,
1758,0,0.00029545749006694444,0.20732167,
1759,0,0.00029545168664771624,0.18740967,
1760,0,0.00029544587958075765,0.17920156,
1761,0,0.00029544006886621433,0.20309499,
1762,0,0.00029543425450423194,0.20020033,
1763,0,0.00029542843649495626,0.18268013,
1764,0,0.0002954226148385333,0.19094056,
1765,0,0.00029541678953510895,0.19881120,
1766,0,0.0002954109605848294,0.18545270,
1767,0,0.0002954051279878408,0.19046575,
1768,0,0.0002953992917442894,0.18879783,
1769,0,0.0002953934518543216,0.18819717,
1770,0,0.0002953876083180838,0.19473010,
1771,0,0.0002953817611357226,0.19009696,
1772,0,0.0002953759103073846,0.19129737,
1773,0,0.0002953700558332166,0.17528875,
1774,0,0.0002953641977133653,0.19826010,
1775,0,0.0002953583359479778,0.18675226,
1776,0,0.0002953524705372009,0.20080300,
1777,0,0.0002953466014811818,0.19240099,
1778,0,0.0002953407287800677,0.19022232,
1779,0,0.0002953348524340059,0.19184357,
1780,0,0.00029532897244314367,0.20146671,
1781,0,0.0002953230888076286,0.18942283,
1782,0,0.0002953172015276081,0.20297433,
1783,0,0.00029531131060322985,0.20180529,
1784,0,0.00029530541603464173,0.20845638,
1785,0,0.0002952995178219914,0.18602258,
1786,0,0.00029529361596542685,0.19538318,
1787,0,0.0002952877104650961,0.19235097,
1788,0,0.0002952818013211473,0.19244432,
1789,0,0.0002952758885337285,0.19171906,
1790,0,0.000295269972102988,0.20304108,
1791,0,0.00029526405202907435,0.19826323,
1792,0,0.0002952581283121359,0.19816916,
1793,0,0.00029525220095232116,0.19666862,
1794,0,0.0002952462699497789,0.20169693,
1795,0,0.0002952403353046577,0.19785301,
1796,0,0.0002952343970171066,0.17928889,
1797,0,0.0002952284550872743,0.19574881,
1798,0,0.00029522250951531,0.19537900,
1799,0,0.00029521656030136276,0.19881363,
1800,0,0.0002952106074455817,0.20273589,
1800,0,0.0002952106074455817,,0.84409695
1801,0,0.0002952046509481162,0.20981179,
1802,0,0.0002951986908091156,0.18761064,
1803,0,0.0002951927270287293,0.18435912,
1804,0,0.00029518675960710705,0.20250240,
1805,0,0.0002951807885443984,0.19136679,
1806,0,0.00029517481384075297,0.19145943,
1807,0,0.00029516883549632084,0.19155404,
1808,0,0.00029516285351125176,0.19035938,
1809,0,0.00029515686788569585,0.19248338,
1810,0,0.0002951508786198031,0.18519899,
1811,0,0.0002951448857137239,0.20092690,
1812,0,0.0002951388891676083,0.19407770,
1813,0,0.0002951328889816069,0.17421259,
1814,0,0.00029512688515587014,0.20174314,
1815,0,0.0002951208776905485,0.18731478,
1816,0,0.0002951148665857927,0.19416952,
1817,0,0.0002951088518417534,0.18354756,
1818,0,0.0002951028334585816,0.18870783,
1819,0,0.00029509681143642815,0.19127001,
1820,0,0.00029509078577544403,0.21671186,
1821,0,0.00029508475647578044,0.19778475,
1822,0,0.0002950787235375885,0.20754643,
1823,0,0.0002950726869610196,0.18758290,
1824,0,0.000295066646746225,0.18229814,
1825,0,0.00029506060289335637,0.20015089,
1826,0,0.00029505455540256514,0.19118559,
1827,0,0.00029504850427400294,0.19782713,
1828,0,0.00029504244950782167,0.18543670,
1829,0,0.00029503639110417307,0.18418163,
1830,0,0.0002950303290632091,0.19318235,
1831,0,0.00029502426338508177,0.18711184,
1832,0,0.00029501819406994325,0.20821860,
1833,0,0.0002950121211179457,0.19537033,
1834,0,0.00029500604452924146,0.19907485,
1835,0,0.0002949999643039829,0.18044063,
1836,0,0.0002949938804423225,0.18871503,
1837,0,0.00029498779294441285,0.18438095,
1838,0,0.0002949817018104066,0.19562550,
1839,0,0.00029497560704045653,0.18765147,
1840,0,0.00029496950863471547,0.18237950,
1841,0,0.00029496340659333634,0.18062872,
1842,0,0.00029495730091647223,0.19317426,
1843,0,0.0002949511916042762,0.17451377,
1844,0,0.0002949450786569015,0.18541448,
1845,0,0.00029493896207450146,0.19045982,
1846,0,0.00029493284185722936,0.20107692,
1847,0,0.00029492671800523886,0.18584390,
1848,0,0.0002949205905186834,0.19316548,
1849,0,0.00029491445939771666,0.19675145,
1850,0,0.0002949083246424925,0.18888174,
1851,0,0.00029490218625316463,0.18055451,
1852,0,0.0002948960442298871,0.19156998,
1853,0,0.000294889898572814,0.17758933,
1854,0,0.00029488374928209927,0.19799037,
1855,0,0.0002948775963578972,0.19650529,
1856,0,0.0002948714398003622,0.18405248,
1857,0,0.00029486527960964853,0.18349107,
1858,0,0.0002948591157859107,0.19016822,
1859,0,0.00029485294832930345,0.18541588,
1860,0,0.0002948467772399812,0.18032970,
1861,0,0.00029484060251809893,0.19219713,
1862,0,0.0002948344241638114,0.18116571,
1863,0,0.0002948282421772735,0.18470925,
1864,0,0.00029482205655864034,0.18760608,
1865,0,0.0002948158673080671,0.18700403,
1866,0,0.00029480967442570885,0.18755893,
1867,0,0.000294803477911721,0.18077980,
1868,0,0.0002947972777662589,0.18628027,
1869,0,0.00029479107398947815,0.17714033,
1870,0,0.0002947848665815342,0.17305852,
1871,0,0.00029477865554258277,0.17494652,
1872,0,0.00029477244087277964,0.19784969,
1873,0,0.00029476622257228066,0.17804407,
1874,0,0.0002947600006412418,0.18379033,
1875,0,0.00029475377507981904,0.18949662,
1876,0,0.00029474754588816853,0.19557488,
1877,0,0.0002947413130664465,0.18821847,
1878,0,0.0002947350766148093,0.20834170,
1879,0,0.0002947288365334132,0.20432854,
1880,0,0.0002947225928224149,0.18257110,
1881,0,0.00029471634548197077,0.17761397,
1882,0,0.0002947100945122376,0.19035570,
1883,0,0.00029470383991337214,0.18078758,
1884,0,0.0002946975816855313,0.19178554,
1885,0,0.00029469131982887197,0.18394105,
1886,0,0.00029468505434355113,0.20261414,
1887,0,0.000294678785229726,0.18733563,
1888,0,0.00029467251248755375,0.18940839,
1889,0,0.00029466623611719173,0.18084574,
1890,0,0.0002946599561187973,0.19346246,
1891,0,0.00029465367249252805,0.18254331,
1892,0,0.0002946473852385414,0.19455291,
1893,0,0.0002946410943569952,0.18308210,
1894,0,0.0002946347998480471,0.19778438,
1895,0,0.000294628501711855,0.18492071,
1896,0,0.0002946221999485769,0.19165689,
1897,0,0.0002946158945583707,0.18198390,
1898,0,0.00029460958554139465,0.19680677,
1899,0,0.00029460327289780694,0.18075658,
1900,0,0.0002945969566277659,0.19098665,
1901,0,0.0002945906367314298,0.19940534,
1902,0,0.0002945843132089574,0.19480535,
1903,0,0.00029457798606050703,0.16853651,
1904,0,0.0002945716552862375,0.18387207,
1905,0,0.00029456532088630754,0.19063821,
1906,0,0.000294558982860876,0.19861078,
1907,0,0.0002945526412101019,0.18565670,
1908,0,0.00029454629593414413,0.18906859,
1909,0,0.000294539947033162,0.17931153,
1910,0,0.00029453359450731456,0.18445651,
1911,0,0.0002945272383567613,0.19786665,
1912,0,0.00029452087858166146,0.19190989,
1913,0,0.00029451451518217465,0.19346191,
1914,0,0.0002945081481584604,0.18356138,
1915,0,0.00029450177751067836,0.17061304,
1916,0,0.00029449540323898835,0.18791656,
1917,0,0.0002944890253435502,0.18311790,
1918,0,0.00029448264382452396,0.18937998,
1919,0,0.00029447625868206953,0.18631348,
1920,0,0.0002944698699163471,0.18664378,
1921,0,0.0002944634775275168,0.19499576,
1922,0,0.0002944570815157391,0.19215362,
1923,0,0.00029445068188117433,0.17948686,
1924,0,0.000294444278623983,0.17654042,
1925,0,0.00029443787174432564,0.19631806,
1926,0,0.000294431461242363,0.18927182,
1927,0,0.00029442504711825576,0.19089368,
1928,0,0.0002944186293721648,0.17440262,
1929,0,0.0002944122080042512,0.18224713,
1930,0,0.00029440578301467586,0.18842180,
1931,0,0.00029439935440359993,0.19150014,
1932,0,0.0002943929221711846,0.18554787,
1933,0,0.0002943864863175913,0.18783025,
1934,0,0.00029438004684298133,0.19148003,
1935,0,0.00029437360374751624,0.17570598,
1936,0,0.00029436715703135756,0.19869569,
1937,0,0.00029436070669466705,0.19931072,
1938,0,0.0002943542527376063,0.20045981,
1939,0,0.0002943477951603374,0.18752074,
1940,0,0.00029434133396302216,0.19384889,
1941,0,0.0002943348691458226,0.17824510,
1942,0,0.0002943284007089009,0.18270256,
1943,0,0.0002943219286524193,0.18071406,
1944,0,0.00029431545297654003,0.19600210,
1945,0,0.0002943089736814256,0.18197073,
1946,0,0.0002943024907672384,0.18478003,
1947,0,0.0002942960042341411,0.18652762,
1948,0,0.00029428951408229625,0.17508860,
1949,0,0.0002942830203118668,0.19406241,
1950,0,0.0002942765229230154,0.18608394,
1951,0,0.0002942700219159051,0.18264450,
1952,0,0.00029426351729069895,0.18683155,
1953,0,0.0002942570090475601,0.18298966,
1954,0,0.0002942504971866517,0.19284460,
1955,0,0.000294243981708137,0.18930340,
1956,0,0.0002942374626121796,0.18297312,
1957,0,0.00029423093989894284,0.19044735,
1958,0,0.0002942244135685903,0.16241027,
1959,0,0.0002942178836212857,0.18639420,
1960,0,0.00029421135005719277,0.18458258,
1961,0,0.0002942048128764754,0.18119697,
1962,0,0.00029419827207929753,0.18427968,
1963,0,0.0002941917276658232,0.19041644,
1964,0,0.0002941851796362164,0.18695547,
1965,0,0.00029417862799064156,0.18382999,
1966,0,0.00029417207272926287,0.18738183,
1967,0,0.00029416551385224476,0.17549944,
1968,0,0.00029415895135975165,0.18385586,
1969,0,0.0002941523852519482,0.18132795,
1970,0,0.000294145815528999,0.19333769,
1971,0,0.00029413924219106886,0.17182803,
1972,0,0.00029413266523832266,0.18320742,
1973,0,0.00029412608467092535,0.19256097,
1974,0,0.00029411950048904183,0.17178112,
1975,0,0.0002941129126928374,0.18345715,
1976,0,0.0002941063212824771,0.16729373,
1977,0,0.00029409972625812637,0.16958998,
1978,0,0.00029409312761995057,0.17438313,
1979,0,0.00029408652536811516,0.17901848,
1980,0,0.00029407991950278564,0.19124545,
1981,0,0.0002940733100241279,0.18926533,
1982,0,0.0002940666969323075,0.18852691,
1983,0,0.0002940600802274903,0.18107586,
1984,0,0.00029405345990984226,0.18183789,
1985,0,0.0002940468359795295,0.18448366,
1986,0,0.00029404020843671805,0.18914421,
1987,0,0.00029403357728157413,0.17905942,
1988,0,0.00029402694251426403,0.17825459,
1989,0,0.0002940203041349542,0.18296184,
1990,0,0.00029401366214381106,0.19568580,
1991,0,0.0002940070165410012,0.17274408,
1992,0,0.0002940003673266913,0.18190479,
1993,0,0.0002939937145010481,0.18438560,
1994,0,0.0002939870580642384,0.17372203,
1995,0,0.0002939803980164293,0.18938340,
1996,0,0.0002939737343577876,0.18505839,
1997,0,0.0002939670670884805,0.18583865,
1998,0,0.00029396039620867525,0.18530761,
1999,0,0.0002939537217185391,0.18708602,
2000,0,0.0002939470436182395,0.18318750,
2000,0,0.0002939470436182395,,0.84248217
2000,0,0.0002939470436182395,,0.84219660
